cell,F,d_eff_nominal,N,s,geometry,monitor_angle_deg,monitor_rank,superposed,load,coherence,welch_floor,coherence_gap,d_eff_meas,f_eff_meas,rho_rd,pair,gamma_r,log_alignment,leverage,delta_read,delta_input,feasible
0,32,8,8,0.05,random,30.0,4,True,4.0,0.8623773464215243,0.3110855084191276,0.5512918380023968,6.132458721931975,32,5.218135408813431,0,0.17540068887326588,0.031248592840782158,2.108856406948683,2.703470879240317,2.703470879240317,True
0,32,8,8,0.05,random,30.0,4,True,4.0,0.8623773464215243,0.3110855084191276,0.5512918380023968,6.132458721931975,32,5.218135408813431,1,0.4038329783266696,0.1780280762477377,2.37380879837089,1.0431637402630354,1.0431637402630354,True
0,32,8,8,0.05,random,30.0,4,True,4.0,0.8623773464215243,0.3110855084191276,0.5512918380023968,6.132458721931975,32,5.218135408813431,2,0.2581594982162803,0.06897107870936033,2.1648188733380067,1.7893295171419077,1.7893295171419077,True
0,32,8,8,0.05,random,30.0,4,True,4.0,0.8623773464215243,0.3110855084191276,0.5512918380023968,6.132458721931975,32,5.218135408813431,3,0.12299038038656433,0.015242208173981767,2.529289756282141,3.21462464697612,3.21462464697612,True
0,32,8,8,0.05,random,30.0,4,True,4.0,0.8623773464215243,0.3110855084191276,0.5512918380023968,6.132458721931975,32,5.218135408813431,4,0.3642752068309369,0.14236622082485795,2.067087194366673,1.328041327221666,1.328041327221666,True
0,32,8,8,0.05,random,30.0,4,True,4.0,0.8623773464215243,0.3110855084191276,0.5512918380023968,6.132458721931975,32,5.218135408813431,5,0.40859634922150495,0.182662786922904,2.1856627860318554,1.1197533237151944,1.1197533237151944,True
0,32,8,8,0.05,random,30.0,4,True,4.0,0.8623773464215243,0.3110855084191276,0.5512918380023968,6.132458721931975,32,5.218135408813431,6,0.3100445540104819,0.10106710717558062,2.228502198501307,1.4473142090989712,1.4473142090989712,True
0,32,8,8,0.05,random,30.0,4,True,4.0,0.8623773464215243,0.3110855084191276,0.5512918380023968,6.132458721931975,32,5.218135408813431,7,0.14290205140594125,0.020632387674073254,2.4850616238458128,2.8159463352931486,2.8159463352931486,True
0,32,8,8,0.05,random,30.0,4,True,4.0,0.8623773464215243,0.3110855084191276,0.5512918380023968,6.132458721931975,32,5.218135408813431,8,0.29780962231581837,0.09287278093409772,2.3603804086377282,1.4225884321076594,1.4225884321076594,True
0,32,8,8,0.05,random,30.0,4,True,4.0,0.8623773464215243,0.3110855084191276,0.5512918380023968,6.132458721931975,32,5.218135408813431,9,0.06541226347717392,0.004287944320504905,2.099875134156345,7.280267748120066,7.280267748120066,True
0,32,8,8,0.05,random,30.0,4,True,4.0,0.8623773464215243,0.3110855084191276,0.5512918380023968,6.132458721931975,32,5.218135408813431,10,0.3046579439667483,0.09741049302300386,2.2288666450010903,1.472663110541059,1.472663110541059,True
0,32,8,8,0.05,random,30.0,4,True,4.0,0.8623773464215243,0.3110855084191276,0.5512918380023968,6.132458721931975,32,5.218135408813431,11,0.4446477246358839,0.22028713354237534,2.1484268727434386,1.046799122204589,1.046799122204589,True
0,32,8,8,0.05,random,30.0,4,True,4.0,0.8623773464215243,0.3110855084191276,0.5512918380023968,6.132458721931975,32,5.218135408813431,12,0.12600130413115268,0.01600370755361209,2.45361193648364,3.2345888420777467,3.2345888420777467,True
0,32,8,8,0.05,random,30.0,4,True,4.0,0.8623773464215243,0.3110855084191276,0.5512918380023968,6.132458721931975,32,5.218135408813431,13,0.20747808740133758,0.044001164345895384,2.228502198501307,2.162791714987782,2.162791714987782,True
0,32,8,8,0.05,random,30.0,4,True,4.0,0.8623773464215243,0.3110855084191276,0.5512918380023968,6.132458721931975,32,5.218135408813431,14,0.3540753939038241,0.13395363554868991,2.503784692801852,1.127995255733716,1.127995255733716,True
0,32,8,8,0.05,random,30.0,4,True,4.0,0.8623773464215243,0.3110855084191276,0.5512918380023968,6.132458721931975,32,5.218135408813431,15,0.25218355482748134,0.06570885405717751,1.965414927248757,2.0175717462982914,2.0175717462982914,True
0,32,8,8,0.05,random,30.0,4,True,4.0,0.8623773464215243,0.3110855084191276,0.5512918380023968,6.132458721931975,32,5.218135408813431,16,0.1506060141917078,0.02294336920751973,2.529289756282141,2.62518007832244,2.62518007832244,True
0,32,8,8,0.05,random,30.0,4,True,4.0,0.8623773464215243,0.3110855084191276,0.5512918380023968,6.132458721931975,32,5.218135408813431,17,0.4418460529057813,0.21719619006562596,2.099875134156345,1.077793473524476,1.077793473524476,True
0,32,8,8,0.05,random,30.0,4,True,4.0,0.8623773464215243,0.3110855084191276,0.5512918380023968,6.132458721931975,32,5.218135408813431,18,0.2737969429322475,0.07792345134006297,2.503784692801852,1.4587283561978732,1.4587283561978732,True
0,32,8,8,0.05,random,30.0,4,True,4.0,0.8623773464215243,0.3110855084191276,0.5512918380023968,6.132458721931975,32,5.218135408813431,19,0.18404663816263003,0.03446015423638929,2.246085298049358,2.4190556865832833,2.4190556865832833,True
0,32,8,8,0.05,random,30.0,4,True,4.0,0.8623773464215243,0.3110855084191276,0.5512918380023968,6.132458721931975,32,5.218135408813431,20,0.31240828755543165,0.1026962215250692,2.325434738576595,1.3764907516131353,1.3764907516131353,True
0,32,8,8,0.05,random,30.0,4,True,4.0,0.8623773464215243,0.3110855084191276,0.5512918380023968,6.132458721931975,32,5.218135408813431,21,0.1652117238225405,0.027674340055353165,2.514989690254956,2.4067053769762543,2.4067053769762543,True
0,32,8,8,0.05,random,30.0,4,True,4.0,0.8623773464215243,0.3110855084191276,0.5512918380023968,6.132458721931975,32,5.218135408813431,22,0.33697220392125216,0.12053085695427525,2.405885377018993,1.2334768104755502,1.2334768104755502,True
0,32,8,8,0.05,random,30.0,4,True,4.0,0.8623773464215243,0.3110855084191276,0.5512918380023968,6.132458721931975,32,5.218135408813431,23,0.3199200520167644,0.10797374904920069,2.2288666450010903,1.4024082347598663,1.4024082347598663,True
0,32,8,8,0.05,random,30.0,4,True,4.0,0.8623773464215243,0.3110855084191276,0.5512918380023968,6.132458721931975,32,5.218135408813431,24,0.30498734823755985,0.09763188371775869,2.2288666450010903,1.4710725477820392,1.4710725477820392,True
1,32,8,8,0.05,trained,30.0,4,True,4.0,0.6203861886962505,0.3110855084191276,0.30930068027712293,7.916366494579365,32,4.04225853134915,0,0.3937184174340427,0.16843544730064533,1.9892329570148102,1.2768169028263228,1.2768169028263228,True
1,32,8,8,0.05,trained,30.0,4,True,4.0,0.6203861886962505,0.3110855084191276,0.30930068027712293,7.916366494579365,32,4.04225853134915,1,0.23078456406547798,0.05473237494744165,1.9878918059871107,2.179718943547782,2.179718943547782,True
1,32,8,8,0.05,trained,30.0,4,True,4.0,0.6203861886962505,0.3110855084191276,0.30930068027712293,7.916366494579365,32,4.04225853134915,2,0.43808271613644706,0.21308984236103715,1.9791490191804957,1.1533613278169936,1.1533613278169936,True
1,32,8,8,0.05,trained,30.0,4,True,4.0,0.6203861886962505,0.3110855084191276,0.30930068027712293,7.916366494579365,32,4.04225853134915,3,0.45893453094127656,0.23650859658321585,2.0083045825710006,1.0849748839982818,1.0849748839982818,True
1,32,8,8,0.05,trained,30.0,4,True,4.0,0.6203861886962505,0.3110855084191276,0.30930068027712293,7.916366494579365,32,4.04225853134915,4,0.4404617286777212,0.21567964374133342,1.9970333921894834,1.1368587123001823,1.1368587123001823,True
1,32,8,8,0.05,trained,30.0,4,True,4.0,0.6203861886962505,0.3110855084191276,0.30930068027712293,7.916366494579365,32,4.04225853134915,5,0.4167734827594473,0.19079753978117103,2.012808522821743,1.1920581961908934,1.1920581961908934,True
1,32,8,8,0.05,trained,30.0,4,True,4.0,0.6203861886962505,0.3110855084191276,0.30930068027712293,7.916366494579365,32,4.04225853134915,6,0.480982621537932,0.2631121109229079,1.9976511882456383,1.0407608735704272,1.0407608735704272,True
1,32,8,8,0.05,trained,30.0,4,True,4.0,0.6203861886962505,0.3110855084191276,0.30930068027712293,7.916366494579365,32,4.04225853134915,7,0.355701644004416,0.13527423569064778,2.0092990886880178,1.3991669572608953,1.3991669572608953,True
1,32,8,8,0.05,trained,30.0,4,True,4.0,0.6203861886962505,0.3110855084191276,0.30930068027712293,7.916366494579365,32,4.04225853134915,8,0.2402293484762589,0.05944234459282095,1.9791490191804957,2.103272003948101,2.103272003948101,True
1,32,8,8,0.05,trained,30.0,4,True,4.0,0.6203861886962505,0.3110855084191276,0.30930068027712293,7.916366494579365,32,4.04225853134915,9,0.27446673599643234,0.07832051310154663,2.0042432158343875,1.8178575996661492,1.8178575996661492,True
1,32,8,8,0.05,trained,30.0,4,True,4.0,0.6203861886962505,0.3110855084191276,0.30930068027712293,7.916366494579365,32,4.04225853134915,10,0.10613576271223472,0.011328728534687466,2.001518989396752,4.707372219132626,4.707372219132626,True
1,32,8,8,0.05,trained,30.0,4,True,4.0,0.6203861886962505,0.3110855084191276,0.30930068027712293,7.916366494579365,32,4.04225853134915,11,0.4071602649373256,0.1812575007150674,2.0134083662250424,1.2198396420038617,1.2198396420038617,True
1,32,8,8,0.05,trained,30.0,4,True,4.0,0.6203861886962505,0.3110855084191276,0.30930068027712293,7.916366494579365,32,4.04225853134915,12,0.40038451557599825,0.17471983560384552,1.9873532620721348,1.256746414081561,1.256746414081561,True
1,32,8,8,0.05,trained,30.0,4,True,4.0,0.6203861886962505,0.3110855084191276,0.30930068027712293,7.916366494579365,32,4.04225853134915,13,0.2665177450137962,0.07368067251316739,1.9976511882456383,1.8782535224365622,1.8782535224365622,True
1,32,8,8,0.05,trained,30.0,4,True,4.0,0.6203861886962505,0.3110855084191276,0.30930068027712293,7.916366494579365,32,4.04225853134915,14,0.4133169593052703,0.18733117462099527,1.9967585641700487,1.2116891484312937,1.2116891484312937,True
1,32,8,8,0.05,trained,30.0,4,True,4.0,0.6203861886962505,0.3110855084191276,0.30930068027712293,7.916366494579365,32,4.04225853134915,15,0.2450509304890567,0.06192855250657904,2.012808522821743,2.0274081191485607,2.0274081191485607,True
1,32,8,8,0.05,trained,30.0,4,True,4.0,0.6203861886962505,0.3110855084191276,0.30930068027712293,7.916366494579365,32,4.04225853134915,16,0.31455238157052257,0.10418698312954969,2.0070794597789177,1.5839536019846536,1.5839536019846536,True
1,32,8,8,0.05,trained,30.0,4,True,4.0,0.6203861886962505,0.3110855084191276,0.30930068027712293,7.916366494579365,32,4.04225853134915,17,0.4290441287179761,0.2034375762222421,1.9878918059871107,1.1724795947565718,1.1724795947565718,True
1,32,8,8,0.05,trained,30.0,4,True,4.0,0.6203861886962505,0.3110855084191276,0.30930068027712293,7.916366494579365,32,4.04225853134915,18,0.3328769418504595,0.11744103486300089,2.0083045825710006,1.4958453917018586,1.4958453917018586,True
1,32,8,8,0.05,trained,30.0,4,True,4.0,0.6203861886962505,0.3110855084191276,0.30930068027712293,7.916366494579365,32,4.04225853134915,19,0.38246135318411767,0.1581481267753495,2.0092990886880178,1.3012713122279047,1.3012713122279047,True
1,32,8,8,0.05,trained,30.0,4,True,4.0,0.6203861886962505,0.3110855084191276,0.30930068027712293,7.916366494579365,32,4.04225853134915,20,0.19940642442008635,0.04057506886307511,2.012808522821743,2.4914856556064815,2.4914856556064815,True
1,32,8,8,0.05,trained,30.0,4,True,4.0,0.6203861886962505,0.3110855084191276,0.30930068027712293,7.916366494579365,32,4.04225853134915,21,0.40254702403361536,0.17678981300971255,1.9970333921894834,1.2439360466871843,1.2439360466871843,True
1,32,8,8,0.05,trained,30.0,4,True,4.0,0.6203861886962505,0.3110855084191276,0.30930068027712293,7.916366494579365,32,4.04225853134915,22,0.3774012015493463,0.15365441440668662,1.9948620299605364,1.3282623340705384,1.3282623340705384,True
1,32,8,8,0.05,trained,30.0,4,True,4.0,0.6203861886962505,0.3110855084191276,0.30930068027712293,7.916366494579365,32,4.04225853134915,23,0.27614978633071163,0.07932322975789503,2.0243006599799127,1.7888761411521044,1.7888761411521044,True
1,32,8,8,0.05,trained,30.0,4,True,4.0,0.6203861886962505,0.3110855084191276,0.30930068027712293,7.916366494579365,32,4.04225853134915,24,0.4560932429580709,0.233220461096565,1.9892329570148102,1.1022007848075703,1.1022007848075703,True
2,32,16,16,0.05,random,30.0,4,True,2.0,0.6775846392715594,0.1796053020267749,0.4979793372447845,11.04591368567214,32,2.8969989183880545,0,0.42424836023690604,0.19843468417753385,1.614575492015419,1.4598944974383488,1.4598944974383488,True
2,32,16,16,0.05,random,30.0,4,True,2.0,0.6775846392715594,0.1796053020267749,0.4979793372447845,11.04591368567214,32,2.8969989183880545,1,0.447372036126638,0.22332074039638547,1.5564658168830408,1.436122805066307,1.436122805066307,True
2,32,16,16,0.05,random,30.0,4,True,2.0,0.6775846392715594,0.1796053020267749,0.4979793372447845,11.04591368567214,32,2.8969989183880545,2,0.3976631012912707,0.17213672923363482,1.6313045978356289,1.5415217068171085,1.5415217068171085,True
2,32,16,16,0.05,random,30.0,4,True,2.0,0.6775846392715594,0.1796053020267749,0.4979793372447845,11.04591368567214,32,2.8969989183880545,3,0.3963782359738667,0.17092558538726924,1.52911994402808,1.6498659006972713,1.6498659006972713,True
2,32,16,16,0.05,random,30.0,4,True,2.0,0.6775846392715594,0.1796053020267749,0.4979793372447845,11.04591368567214,32,2.8969989183880545,4,0.369334000443467,0.14665438524775,1.52911994402808,1.7706762294470118,1.7706762294470118,True
2,32,16,16,0.05,random,30.0,4,True,2.0,0.6775846392715594,0.1796053020267749,0.4979793372447845,11.04591368567214,32,2.8969989183880545,5,0.34300247752654384,0.1251672691637789,1.7819796214766108,1.636062950120527,1.636062950120527,True
2,32,16,16,0.05,random,30.0,4,True,2.0,0.6775846392715594,0.1796053020267749,0.4979793372447845,11.04591368567214,32,2.8969989183880545,6,0.38191466314415096,0.15765877090147987,1.807878666724062,1.4483195301857366,1.4483195301857366,True
2,32,16,16,0.05,random,30.0,4,True,2.0,0.6775846392715594,0.1796053020267749,0.4979793372447845,11.04591368567214,32,2.8969989183880545,7,0.254110223786165,0.06675110665543994,1.6994895927372546,2.315577665084768,2.315577665084768,True
2,32,16,16,0.05,random,30.0,4,True,2.0,0.6775846392715594,0.1796053020267749,0.4979793372447845,11.04591368567214,32,2.8969989183880545,8,0.4226181063762077,0.19675245980615352,1.5166647182264332,1.5601354897947508,1.5601354897947508,True
2,32,16,16,0.05,random,30.0,4,True,2.0,0.6775846392715594,0.1796053020267749,0.4979793372447845,11.04591368567214,32,2.8969989183880545,9,0.2803523756365128,0.08185826386750558,1.6994895927372546,2.098829936193705,2.098829936193705,True
2,32,16,16,0.05,random,30.0,4,True,2.0,0.6775846392715594,0.1796053020267749,0.4979793372447845,11.04591368567214,32,2.8969989183880545,10,0.32718809271066623,0.11322698425177151,1.807878666724062,1.690570279967736,1.690570279967736,True
2,32,16,16,0.05,random,30.0,4,True,2.0,0.6775846392715594,0.1796053020267749,0.4979793372447845,11.04591368567214,32,2.8969989183880545,11,0.5557039277936102,0.36933597960462056,1.52911994402808,1.176833386635168,1.176833386635168,True
2,32,16,16,0.05,random,30.0,4,True,2.0,0.6775846392715594,0.1796053020267749,0.4979793372447845,11.04591368567214,32,2.8969989183880545,12,0.30598580318643287,0.09830470184020185,1.6079917117151858,2.0324268194156967,2.0324268194156967,True
2,32,16,16,0.05,random,30.0,4,True,2.0,0.6775846392715594,0.1796053020267749,0.4979793372447845,11.04591368567214,32,2.8969989183880545,13,0.32757138657701224,0.11350807629706947,1.866530383505695,1.6355317417829631,1.6355317417829631,True
2,32,16,16,0.05,random,30.0,4,True,2.0,0.6775846392715594,0.1796053020267749,0.4979793372447845,11.04591368567214,32,2.8969989183880545,14,0.3052656793647825,0.09781917319536752,1.6079652000071265,2.037254917328346,2.037254917328346,True
2,32,16,16,0.05,random,30.0,4,True,2.0,0.6775846392715594,0.1796053020267749,0.4979793372447845,11.04591368567214,32,2.8969989183880545,15,0.30110705061190024,0.0950422172305195,1.6079652000071265,2.0653917107343305,2.0653917107343305,True
2,32,16,16,0.05,random,30.0,4,True,2.0,0.6775846392715594,0.1796053020267749,0.4979793372447845,11.04591368567214,32,2.8969989183880545,16,0.3720325027154418,0.14897365072070914,1.5715209433218382,1.7104049434339745,1.7104049434339745,True
2,32,16,16,0.05,random,30.0,4,True,2.0,0.6775846392715594,0.1796053020267749,0.4979793372447845,11.04591368567214,32,2.8969989183880545,17,0.3660876688151133,0.14389367468487468,1.7249935537536658,1.5835341112753543,1.5835341112753543,True
2,32,16,16,0.05,random,30.0,4,True,2.0,0.6775846392715594,0.1796053020267749,0.4979793372447845,11.04591368567214,32,2.8969989183880545,18,0.3872913929509588,0.16251260369883458,1.6714947393772088,1.5447462174255386,1.5447462174255386,True
2,32,16,16,0.05,random,30.0,4,True,2.0,0.6775846392715594,0.1796053020267749,0.4979793372447845,11.04591368567214,32,2.8969989183880545,19,0.25093950983174745,0.06504066062274068,1.7858677178573066,2.2314217804493452,2.2314217804493452,True
2,32,16,16,0.05,random,30.0,4,True,2.0,0.6775846392715594,0.1796053020267749,0.4979793372447845,11.04591368567214,32,2.8969989183880545,20,0.43407879288084156,0.20877773361750346,1.647422933237711,1.3983836062728359,1.3983836062728359,True
2,32,16,16,0.05,random,30.0,4,True,2.0,0.6775846392715594,0.1796053020267749,0.4979793372447845,11.04591368567214,32,2.8969989183880545,21,0.3947352063905763,0.1693846602672726,1.5564658168830408,1.6276257425964196,1.6276257425964196,True
2,32,16,16,0.05,random,30.0,4,True,2.0,0.6775846392715594,0.1796053020267749,0.4979793372447845,11.04591368567214,32,2.8969989183880545,22,0.395309757238878,0.16992250867768738,1.6357371976465036,1.5464964810601576,1.5464964810601576,True
2,32,16,16,0.05,random,30.0,4,True,2.0,0.6775846392715594,0.1796053020267749,0.4979793372447845,11.04591368567214,32,2.8969989183880545,23,0.3726377432455277,0.14949689447723097,1.6311534908264327,1.6451985916905394,1.6451985916905394,True
2,32,16,16,0.05,random,30.0,4,True,2.0,0.6775846392715594,0.1796053020267749,0.4979793372447845,11.04591368567214,32,2.8969989183880545,24,0.31776301695246034,0.10644258415253598,1.7858677178573066,1.7621682132304803,1.7621682132304803,True
3,32,16,16,0.05,trained,30.0,4,True,2.0,0.9999999286863952,0.1796053020267749,0.8203946266596203,15.815700521805612,32,2.0233058887199196,0,0.4422795031691443,0.21767249353633286,1.4142135256850412,1.5987781356897988,1.5987781356897988,True
3,32,16,16,0.05,trained,30.0,4,True,2.0,0.9999999286863952,0.1796053020267749,0.8203946266596203,15.815700521805612,32,2.0233058887199196,1,0.48344082629780455,0.26620115823004153,1.4142136087313515,1.4626542061464933,1.4626542061464933,True
3,32,16,16,0.05,trained,30.0,4,True,2.0,0.9999999286863952,0.1796053020267749,0.8203946266596203,15.815700521805612,32,2.0233058887199196,2,0.4467214838471421,0.22259380761421238,1.4142136711812265,1.5828805023947354,1.5828805023947354,True
3,32,16,16,0.05,trained,30.0,4,True,2.0,0.9999999286863952,0.1796053020267749,0.8203946266596203,15.815700521805612,32,2.0233058887199196,3,0.4872934579153684,0.27109364323500446,1.4142135794438901,1.4510902232838065,1.4510902232838065,True
3,32,16,16,0.05,trained,30.0,4,True,2.0,0.9999999286863952,0.1796053020267749,0.8203946266596203,15.815700521805612,32,2.0233058887199196,4,0.4529019198600363,0.22956430658306537,1.4142136734679998,1.5612800357693826,1.5612800357693826,True
3,32,16,16,0.05,trained,30.0,4,True,2.0,0.9999999286863952,0.1796053020267749,0.8203946266596203,15.815700521805612,32,2.0233058887199196,5,0.3906063565053304,0.1655509635206004,1.4142137315967258,1.8102795430700904,1.8102795430700904,True
3,32,16,16,0.05,trained,30.0,4,True,2.0,0.9999999286863952,0.1796053020267749,0.8203946266596203,15.815700521805612,32,2.0233058887199196,6,0.4194769905433539,0.19353735407362832,1.414213608034732,1.6856866390688208,1.6856866390688208,True
3,32,16,16,0.05,trained,30.0,4,True,2.0,0.9999999286863952,0.1796053020267749,0.8203946266596203,15.815700521805612,32,2.0233058887199196,7,0.36933388277077966,0.14665428459722224,1.4142135948438666,1.9145461544074338,1.9145461544074338,True
3,32,16,16,0.05,trained,30.0,4,True,2.0,0.9999999286863952,0.1796053020267749,0.8203946266596203,15.815700521805612,32,2.0233058887199196,8,0.46248877599895066,0.2406660117721318,1.4142137014803728,1.5289164804175048,1.5289164804175048,True
3,32,16,16,0.05,trained,30.0,4,True,2.0,0.9999999286863952,0.1796053020267749,0.8203946266596203,15.815700521805612,32,2.0233058887199196,9,0.4902366442836924,0.2748737403349226,1.4142135984720219,1.4423784337261674,1.4423784337261674,True
3,32,16,16,0.05,trained,30.0,4,True,2.0,0.9999999286863952,0.1796053020267749,0.8203946266596203,15.815700521805612,32,2.0233058887199196,10,0.42805293178377957,0.20239689966188096,1.4142135542688523,1.6519143608992883,1.6519143608992883,True
3,32,16,16,0.05,trained,30.0,4,True,2.0,0.9999999286863952,0.1796053020267749,0.8203946266596203,15.815700521805612,32,2.0233058887199196,11,0.4875704245831978,0.2714477896580359,1.4142136769728093,1.4502658246573692,1.4502658246573692,True
3,32,16,16,0.05,trained,30.0,4,True,2.0,0.9999999286863952,0.1796053020267749,0.8203946266596203,15.815700521805612,32,2.0233058887199196,12,0.4758890417211781,0.25679131627013047,1.4142136275635877,1.4858647428271619,1.4858647428271619,True
3,32,16,16,0.05,trained,30.0,4,True,2.0,0.9999999286863952,0.1796053020267749,0.8203946266596203,15.815700521805612,32,2.0233058887199196,13,0.41487321689750745,0.1888868042640291,1.4142136245455683,1.704392381335621,1.704392381335621,True
3,32,16,16,0.05,trained,30.0,4,True,2.0,0.9999999286863952,0.1796053020267749,0.8203946266596203,15.815700521805612,32,2.0233058887199196,14,0.48019152090715944,0.2621233592639501,1.4142136275635877,1.4725515087302326,1.4725515087302326,True
3,32,16,16,0.05,trained,30.0,4,True,2.0,0.9999999286863952,0.1796053020267749,0.8203946266596203,15.815700521805612,32,2.0233058887199196,15,0.4648291174973781,0.24343058421941857,1.4142136711812265,1.5212186589977865,1.5212186589977865,True
3,32,16,16,0.05,trained,30.0,4,True,2.0,0.9999999286863952,0.1796053020267749,0.8203946266596203,15.815700521805612,32,2.0233058887199196,16,0.3878223228269787,0.16299687202695093,1.4142135863005891,1.8232750607763908,1.8232750607763908,True
3,32,16,16,0.05,trained,30.0,4,True,2.0,0.9999999286863952,0.1796053020267749,0.8203946266596203,15.815700521805612,32,2.0233058887199196,17,0.4375575876256427,0.21252097430177116,1.4142135214721792,1.6160314016585613,1.6160314016585613,True
3,32,16,16,0.05,trained,30.0,4,True,2.0,0.9999999286863952,0.1796053020267749,0.8203946266596203,15.815700521805612,32,2.0233058887199196,18,0.45617412259132806,0.23331362933900376,1.4142136567654497,1.5500807673473576,1.5500807673473576,True
3,32,16,16,0.05,trained,30.0,4,True,2.0,0.9999999286863952,0.1796053020267749,0.8203946266596203,15.815700521805612,32,2.0233058887199196,19,0.47827424189309975,0.2597378421321131,1.4142135542688523,1.478454667430566,1.478454667430566,True
3,32,16,16,0.05,trained,30.0,4,True,2.0,0.9999999286863952,0.1796053020267749,0.8203946266596203,15.815700521805612,32,2.0233058887199196,20,0.4778794563777231,0.25924853068729525,1.4142135948438666,1.4796760051393678,1.4796760051393678,True
3,32,16,16,0.05,trained,30.0,4,True,2.0,0.9999999286863952,0.1796053020267749,0.8203946266596203,15.815700521805612,32,2.0233058887199196,21,0.42696783638139657,0.20126163295869445,1.4142135256850412,1.656112566987222,1.656112566987222,True
3,32,16,16,0.05,trained,30.0,4,True,2.0,0.9999999286863952,0.1796053020267749,0.8203946266596203,15.815700521805612,32,2.0233058887199196,22,0.4734813010170684,0.2538405994684172,1.4142136384262203,1.4934206306375268,1.4934206306375268,True
3,32,16,16,0.05,trained,30.0,4,True,2.0,0.9999999286863952,0.1796053020267749,0.8203946266596203,15.815700521805612,32,2.0233058887199196,23,0.4810878776351443,0.2632438610088651,1.4142136711812265,1.4698078244215367,1.4698078244215367,True
3,32,16,16,0.05,trained,30.0,4,True,2.0,0.9999999286863952,0.1796053020267749,0.8203946266596203,15.815700521805612,32,2.0233058887199196,24,0.4820584474169982,0.2644609116407746,1.4142135214721792,1.4668486890456518,1.4668486890456518,True
4,32,32,32,0.05,random,30.0,4,False,1.0,0.4784378249410763,0.0,0.4784378249410763,16.45031964663816,32,1.9452509548371981,0,0.37248763330287826,0.14936701626956797,1.3148524888014637,2.0417901700360157,2.0417901700360157,True
4,32,32,32,0.05,random,30.0,4,False,1.0,0.4784378249410763,0.0,0.4784378249410763,16.45031964663816,32,1.9452509548371981,1,0.35099555708065505,0.1314739461516611,1.3549934290818826,2.102621939468805,2.102621939468805,True
4,32,32,32,0.05,random,30.0,4,False,1.0,0.4784378249410763,0.0,0.4784378249410763,16.45031964663816,32,1.9452509548371981,2,0.28796257392626273,0.08656323449201349,1.502040067068748,2.311971283584354,2.311971283584354,True
4,32,32,32,0.05,random,30.0,4,False,1.0,0.4784378249410763,0.0,0.4784378249410763,16.45031964663816,32,1.9452509548371981,3,0.3308443144462764,0.11592496838461469,1.2870075131796752,2.348525294727118,2.348525294727118,True
4,32,32,32,0.05,random,30.0,4,False,1.0,0.4784378249410763,0.0,0.4784378249410763,16.45031964663816,32,1.9452509548371981,4,0.30367725436970816,0.0967530825917295,1.5366388948707623,2.1429691257658043,2.1429691257658043,True
4,32,32,32,0.05,random,30.0,4,False,1.0,0.4784378249410763,0.0,0.4784378249410763,16.45031964663816,32,1.9452509548371981,5,0.38243743311574147,0.15812669566889148,1.3148524888014637,1.9886693149821069,1.9886693149821069,True
4,32,32,32,0.05,random,30.0,4,False,1.0,0.4784378249410763,0.0,0.4784378249410763,16.45031964663816,32,1.9452509548371981,6,0.35070355340618614,0.13124028478532745,1.2870075131796752,2.2155356954533407,2.2155356954533407,True
4,32,32,32,0.05,random,30.0,4,False,1.0,0.4784378249410763,0.0,0.4784378249410763,16.45031964663816,32,1.9452509548371981,7,0.3168201491019585,0.10577727679845074,1.4154858162795951,2.2298809845067757,2.2298809845067757,True
4,32,32,32,0.05,random,30.0,4,False,1.0,0.4784378249410763,0.0,0.4784378249410763,16.45031964663816,32,1.9452509548371981,8,0.32191535621932604,0.1094014431855829,1.399302572816555,2.2199677897440253,2.2199677897440253,True
4,32,32,32,0.05,random,30.0,4,False,1.0,0.4784378249410763,0.0,0.4784378249410763,16.45031964663816,32,1.9452509548371981,9,0.2802200938313153,0.0817777881244888,1.3068448708972993,2.730716963108055,2.730716963108055,True
4,32,32,32,0.05,random,30.0,4,False,1.0,0.4784378249410763,0.0,0.4784378249410763,16.45031964663816,32,1.9452509548371981,10,0.2745213875373829,0.07835296099996399,1.3777461774618218,2.643958291899897,2.643958291899897,True
4,32,32,32,0.05,random,30.0,4,False,1.0,0.4784378249410763,0.0,0.4784378249410763,16.45031964663816,32,1.9452509548371981,11,0.2793012458528822,0.08122001852828982,1.395845202589211,2.5650147616114762,2.5650147616114762,True
4,32,32,32,0.05,random,30.0,4,False,1.0,0.4784378249410763,0.0,0.4784378249410763,16.45031964663816,32,1.9452509548371981,12,0.32383509776893377,0.11078539323050784,1.5364667068358389,2.0098004048806937,2.0098004048806937,True
4,32,32,32,0.05,random,30.0,4,False,1.0,0.4784378249410763,0.0,0.4784378249410763,16.45031964663816,32,1.9452509548371981,13,0.29727248799462597,0.09252209545653163,1.383317256753773,2.431775548464414,2.431775548464414,True
4,32,32,32,0.05,random,30.0,4,False,1.0,0.4784378249410763,0.0,0.4784378249410763,16.45031964663816,32,1.9452509548371981,14,0.35217452851618314,0.13241989460805018,1.395845202589211,2.0342522259278,2.0342522259278,True
4,32,32,32,0.05,random,30.0,4,False,1.0,0.4784378249410763,0.0,0.4784378249410763,16.45031964663816,32,1.9452509548371981,15,0.37423758874625956,0.1508854182366758,1.3549934290818826,1.972038568991119,1.972038568991119,True
4,32,32,32,0.05,random,30.0,4,False,1.0,0.4784378249410763,0.0,0.4784378249410763,16.45031964663816,32,1.9452509548371981,16,0.33749497091301495,0.12092869035995753,1.2845859918620155,2.306585260541851,2.306585260541851,True
4,32,32,32,0.05,random,30.0,4,False,1.0,0.4784378249410763,0.0,0.4784378249410763,16.45031964663816,32,1.9452509548371981,17,0.32657348943767184,0.11277711073614552,1.3549934290818826,2.2598618162320667,2.2598618162320667,True
4,32,32,32,0.05,random,30.0,4,False,1.0,0.4784378249410763,0.0,0.4784378249410763,16.45031964663816,32,1.9452509548371981,18,0.31620012402886394,0.10534109188632332,1.4292745106832034,2.212698876649541,2.212698876649541,True
4,32,32,32,0.05,random,30.0,4,False,1.0,0.4784378249410763,0.0,0.4784378249410763,16.45031964663816,32,1.9452509548371981,19,0.3285022573074454,0.11419243925788412,1.401927423885234,2.17138138589092,2.17138138589092,True
4,32,32,32,0.05,random,30.0,4,False,1.0,0.4784378249410763,0.0,0.4784378249410763,16.45031964663816,32,1.9452509548371981,20,0.38541002697144133,0.16080379986811694,1.3377446300104305,1.9395624808068603,1.9395624808068603,True
4,32,32,32,0.05,random,30.0,4,False,1.0,0.4784378249410763,0.0,0.4784378249410763,16.45031964663816,32,1.9452509548371981,21,0.4458300717511258,0.22160030882272116,1.3148524888014637,1.7059001541788132,1.7059001541788132,True
4,32,32,32,0.05,random,30.0,4,False,1.0,0.4784378249410763,0.0,0.4784378249410763,16.45031964663816,32,1.9452509548371981,22,0.23701251800587717,0.05781444112272493,1.4058178685761993,3.001232610234564,3.001232610234564,True
4,32,32,32,0.05,random,30.0,4,False,1.0,0.4784378249410763,0.0,0.4784378249410763,16.45031964663816,32,1.9452509548371981,23,0.3220511269804612,0.10949898776514501,1.399302572816555,2.219031892641801,2.219031892641801,True
4,32,32,32,0.05,random,30.0,4,False,1.0,0.4784378249410763,0.0,0.4784378249410763,16.45031964663816,32,1.9452509548371981,24,0.34433913669633354,0.12620905626623719,1.2870075131796752,2.256485418847267,2.256485418847267,True
5,32,32,32,0.05,trained,30.0,4,False,1.0,9.020562075079397e-17,0.0,9.020562075079397e-17,31.121272891302887,32,1.0282355773739151,0,0.48360043067015196,0.266402597075076,1.0000000000000002,2.067822806969473,2.067822806969473,True
5,32,32,32,0.05,trained,30.0,4,False,1.0,9.020562075079397e-17,0.0,9.020562075079397e-17,31.121272891302887,32,1.0282355773739151,1,0.44725860835806014,0.2231938810187139,1.0000000000000002,2.2358429358601266,2.2358429358601266,True
5,32,32,32,0.05,trained,30.0,4,False,1.0,9.020562075079397e-17,0.0,9.020562075079397e-17,31.121272891302887,32,1.0282355773739151,2,0.48534106340495586,0.26860643853695343,1.0,2.0604067436297395,2.0604067436297395,True
5,32,32,32,0.05,trained,30.0,4,False,1.0,9.020562075079397e-17,0.0,9.020562075079397e-17,31.121272891302887,32,1.0282355773739151,3,0.46131498631477885,0.23928756317657354,1.0,2.167716266901524,2.167716266901524,True
5,32,32,32,0.05,trained,30.0,4,False,1.0,9.020562075079397e-17,0.0,9.020562075079397e-17,31.121272891302887,32,1.0282355773739151,4,0.4988617190532026,0.2861672400389272,1.0,2.004563512906774,2.004563512906774,True
5,32,32,32,0.05,trained,30.0,4,False,1.0,9.020562075079397e-17,0.0,9.020562075079397e-17,31.121272891302887,32,1.0282355773739151,5,0.4735383831423618,0.2539102807040387,1.0,2.111761233300841,2.111761233300841,True
5,32,32,32,0.05,trained,30.0,4,False,1.0,9.020562075079397e-17,0.0,9.020562075079397e-17,31.121272891302887,32,1.0282355773739151,6,0.48964415742854456,0.2741097951148308,0.9999999999999999,2.042299463454608,2.042299463454608,True
5,32,32,32,0.05,trained,30.0,4,False,1.0,9.020562075079397e-17,0.0,9.020562075079397e-17,31.121272891302887,32,1.0282355773739151,7,0.4766675021322339,0.2577504045733765,1.0,2.097898420863159,2.097898420863159,True
5,32,32,32,0.05,trained,30.0,4,False,1.0,9.020562075079397e-17,0.0,9.020562075079397e-17,31.121272891302887,32,1.0282355773739151,8,0.4838945028771749,0.266774030096784,1.0000000000000002,2.0665661503780837,2.0665661503780837,True
5,32,32,32,0.05,trained,30.0,4,False,1.0,9.020562075079397e-17,0.0,9.020562075079397e-17,31.121272891302887,32,1.0282355773739151,9,0.49485311121931697,0.2808780744778206,1.0000000000000002,2.020801683020648,2.020801683020648,True
5,32,32,32,0.05,trained,30.0,4,False,1.0,9.020562075079397e-17,0.0,9.020562075079397e-17,31.121272891302887,32,1.0282355773739151,10,0.49397089818428175,0.2797234904847906,1.0,2.0244107571433045,2.0244107571433045,True
5,32,32,32,0.05,trained,30.0,4,False,1.0,9.020562075079397e-17,0.0,9.020562075079397e-17,31.121272891302887,32,1.0282355773739151,11,0.467175192625535,0.24622368604582792,1.0,2.1405246164291767,2.1405246164291767,True
5,32,32,32,0.05,trained,30.0,4,False,1.0,9.020562075079397e-17,0.0,9.020562075079397e-17,31.121272891302887,32,1.0282355773739151,12,0.4862299708922965,0.26973683517281516,1.0000000000000002,2.056639984912627,2.056639984912627,True
5,32,32,32,0.05,trained,30.0,4,False,1.0,9.020562075079397e-17,0.0,9.020562075079397e-17,31.121272891302887,32,1.0282355773739151,13,0.45226045964137,0.228834116102961,1.0000000000000002,2.211115251580852,2.211115251580852,True
5,32,32,32,0.05,trained,30.0,4,False,1.0,9.020562075079397e-17,0.0,9.020562075079397e-17,31.121272891302887,32,1.0282355773739151,14,0.4894968614905656,0.27392010740388073,1.0,2.042914017783286,2.042914017783286,True
5,32,32,32,0.05,trained,30.0,4,False,1.0,9.020562075079397e-17,0.0,9.020562075079397e-17,31.121272891302887,32,1.0282355773739151,15,0.4874273526586284,0.27126480840910555,1.0,2.051587779277446,2.051587779277446,True
5,32,32,32,0.05,trained,30.0,4,False,1.0,9.020562075079397e-17,0.0,9.020562075079397e-17,31.121272891302887,32,1.0282355773739151,16,0.43003168854865526,0.20447790979342603,1.0,2.325410025886631,2.325410025886631,True
5,32,32,32,0.05,trained,30.0,4,False,1.0,9.020562075079397e-17,0.0,9.020562075079397e-17,31.121272891302887,32,1.0282355773739151,17,0.4606859123954437,0.23855102655372767,1.0,2.170676317841514,2.170676317841514,True
5,32,32,32,0.05,trained,30.0,4,False,1.0,9.020562075079397e-17,0.0,9.020562075079397e-17,31.121272891302887,32,1.0282355773739151,18,0.4929370963677369,0.2783748275095576,1.0,2.0286564094457766,2.0286564094457766,True
5,32,32,32,0.05,trained,30.0,4,False,1.0,9.020562075079397e-17,0.0,9.020562075079397e-17,31.121272891302887,32,1.0282355773739151,19,0.4980211031382585,0.2850522257600276,1.0,2.0079470401927613,2.0079470401927613,True
5,32,32,32,0.05,trained,30.0,4,False,1.0,9.020562075079397e-17,0.0,9.020562075079397e-17,31.121272891302887,32,1.0282355773739151,20,0.4236337599997684,0.19779939810977426,1.0,2.3605295290926454,2.3605295290926454,True
5,32,32,32,0.05,trained,30.0,4,False,1.0,9.020562075079397e-17,0.0,9.020562075079397e-17,31.121272891302887,32,1.0282355773739151,21,0.4908117616637047,0.27561673279410537,1.0,2.037440986765068,2.037440986765068,True
5,32,32,32,0.05,trained,30.0,4,False,1.0,9.020562075079397e-17,0.0,9.020562075079397e-17,31.121272891302887,32,1.0282355773739151,22,0.4714906064755737,0.2514187948629568,1.0,2.1209330287088264,2.1209330287088264,True
5,32,32,32,0.05,trained,30.0,4,False,1.0,9.020562075079397e-17,0.0,9.020562075079397e-17,31.121272891302887,32,1.0282355773739151,23,0.4858172316714271,0.26921155108530787,1.0,2.058387259257058,2.058387259257058,True
5,32,32,32,0.05,trained,30.0,4,False,1.0,9.020562075079397e-17,0.0,9.020562075079397e-17,31.121272891302887,32,1.0282355773739151,24,0.4990004969202557,0.28635161913298496,1.0,2.0040060203783887,2.0040060203783887,True
6,32,64,64,0.05,random,30.0,4,False,0.5,0.38196111062433985,0.0,0.38196111062433985,21.6439058940615,32,1.4784762120398949,0,0.2891088055902676,0.08728476141374392,1.2221029431961448,2.83028969749829,2.83028969749829,True
6,32,64,64,0.05,random,30.0,4,False,0.5,0.38196111062433985,0.0,0.38196111062433985,21.6439058940615,32,1.4784762120398949,1,0.33732763564955626,0.12080126141522438,1.1709327928721662,2.5317225434452464,2.5317225434452464,True
6,32,64,64,0.05,random,30.0,4,False,0.5,0.38196111062433985,0.0,0.38196111062433985,21.6439058940615,32,1.4784762120398949,2,0.252882040949349,0.06608566575918322,1.2341542032676829,3.204148128426646,3.204148128426646,True
6,32,64,64,0.05,random,30.0,4,False,0.5,0.38196111062433985,0.0,0.38196111062433985,21.6439058940615,32,1.4784762120398949,3,0.2693392176145168,0.07530950894332154,1.2788493916345143,2.903227069536355,2.903227069536355,True
6,32,64,64,0.05,random,30.0,4,False,0.5,0.38196111062433985,0.0,0.38196111062433985,21.6439058940615,32,1.4784762120398949,4,0.3076092762401565,0.0994043630581599,1.2512780106217682,2.5980455413162447,2.5980455413162447,True
6,32,64,64,0.05,random,30.0,4,False,0.5,0.38196111062433985,0.0,0.38196111062433985,21.6439058940615,32,1.4784762120398949,5,0.3326140635900573,0.11724431050496688,1.2269503108082085,2.4503742326267948,2.4503742326267948,True
6,32,64,64,0.05,random,30.0,4,False,0.5,0.38196111062433985,0.0,0.38196111062433985,21.6439058940615,32,1.4784762120398949,6,0.3155836540319275,0.10490844307153056,1.1256915424127523,2.814920257523378,2.814920257523378,True
6,32,64,64,0.05,random,30.0,4,False,0.5,0.38196111062433985,0.0,0.38196111062433985,21.6439058940615,32,1.4784762120398949,7,0.3492115516067461,0.13005026766337913,1.1256915424127523,2.5438529068995464,2.5438529068995464,True
6,32,64,64,0.05,random,30.0,4,False,0.5,0.38196111062433985,0.0,0.38196111062433985,21.6439058940615,32,1.4784762120398949,8,0.2734449726009608,0.07771525076471997,1.223631665940138,2.9886795331616325,2.9886795331616325,True
6,32,64,64,0.05,random,30.0,4,False,0.5,0.38196111062433985,0.0,0.38196111062433985,21.6439058940615,32,1.4784762120398949,9,0.23897872806687948,0.0588065350359993,1.2179359070481168,3.4357085858262164,3.4357085858262164,True
6,32,64,64,0.05,random,30.0,4,False,0.5,0.38196111062433985,0.0,0.38196111062433985,21.6439058940615,32,1.4784762120398949,10,0.31736396680002066,0.10616071064294876,1.2341542032676829,2.553130169094277,2.553130169094277,True
6,32,64,64,0.05,random,30.0,4,False,0.5,0.38196111062433985,0.0,0.38196111062433985,21.6439058940615,32,1.4784762120398949,11,0.2557535619726276,0.06764722491306871,1.1455164233117114,3.413319870135296,3.413319870135296,True
6,32,64,64,0.05,random,30.0,4,False,0.5,0.38196111062433985,0.0,0.38196111062433985,21.6439058940615,32,1.4784762120398949,12,0.3024649491767988,0.09594393061052632,1.2219428762020932,2.705665113882583,2.705665113882583,True
6,32,64,64,0.05,random,30.0,4,False,0.5,0.38196111062433985,0.0,0.38196111062433985,21.6439058940615,32,1.4784762120398949,13,0.2710545419787921,0.07630946336455643,1.2157699539582865,3.034533279841879,3.034533279841879,True
6,32,64,64,0.05,random,30.0,4,False,0.5,0.38196111062433985,0.0,0.38196111062433985,21.6439058940615,32,1.4784762120398949,14,0.2503649727147492,0.06473333431237978,1.2382056323138104,3.225771911405264,3.225771911405264,True
6,32,64,64,0.05,random,30.0,4,False,0.5,0.38196111062433985,0.0,0.38196111062433985,21.6439058940615,32,1.4784762120398949,15,0.2904049865850724,0.08810476313680438,1.2179359070481168,2.827297414910888,2.827297414910888,True
6,32,64,64,0.05,random,30.0,4,False,0.5,0.38196111062433985,0.0,0.38196111062433985,21.6439058940615,32,1.4784762120398949,16,0.37353375839593556,0.15027358558484433,1.2399031571977106,2.1591478220816254,2.1591478220816254,True
6,32,64,64,0.05,random,30.0,4,False,0.5,0.38196111062433985,0.0,0.38196111062433985,21.6439058940615,32,1.4784762120398949,17,0.26858769602645627,0.07487371960157044,1.2512780106217682,2.975500815661097,2.975500815661097,True
6,32,64,64,0.05,random,30.0,4,False,0.5,0.38196111062433985,0.0,0.38196111062433985,21.6439058940615,32,1.4784762120398949,18,0.2936040517239263,0.09014720403857224,1.3160226830084494,2.588061430701889,2.588061430701889,True
6,32,64,64,0.05,random,30.0,4,False,0.5,0.38196111062433985,0.0,0.38196111062433985,21.6439058940615,32,1.4784762120398949,19,0.3449154325904237,0.12665980545235597,1.1455164233117114,2.5309644986969073,2.5309644986969073,True
6,32,64,64,0.05,random,30.0,4,False,0.5,0.38196111062433985,0.0,0.38196111062433985,21.6439058940615,32,1.4784762120398949,20,0.287549468105381,0.08630402352238674,1.180766189093051,2.945259209429992,2.945259209429992,True
6,32,64,64,0.05,random,30.0,4,False,0.5,0.38196111062433985,0.0,0.38196111062433985,21.6439058940615,32,1.4784762120398949,21,0.2696285278547214,0.07547764838313556,1.2098285525767793,3.065563592472178,3.065563592472178,True
6,32,64,64,0.05,random,30.0,4,False,0.5,0.38196111062433985,0.0,0.38196111062433985,21.6439058940615,32,1.4784762120398949,22,0.27769945242235566,0.08025279777289847,1.1921775150687675,3.020536235081883,3.020536235081883,True
6,32,64,64,0.05,random,30.0,4,False,0.5,0.38196111062433985,0.0,0.38196111062433985,21.6439058940615,32,1.4784762120398949,23,0.27086134006135787,0.07619646827948176,1.2399031571977106,2.977592153726514,2.977592153726514,True
6,32,64,64,0.05,random,30.0,4,False,0.5,0.38196111062433985,0.0,0.38196111062433985,21.6439058940615,32,1.4784762120398949,24,0.252215693755439,0.06572616603029394,1.2098285525767793,3.277208432893085,3.277208432893085,True
7,32,64,64,0.05,trained,30.0,4,False,0.5,9.194034422677078e-17,0.0,9.194034422677078e-17,30.96879994646828,32,1.0332980307701372,0,0.31212498255519067,0.10250017116303664,1.0000000000000002,3.2038447926005973,3.2038447926005973,True
7,32,64,64,0.05,trained,30.0,4,False,0.5,9.194034422677078e-17,0.0,9.194034422677078e-17,30.96879994646828,32,1.0332980307701372,1,0.3460396810040121,0.127541892209284,1.0,2.889841988926136,2.889841988926136,True
7,32,64,64,0.05,trained,30.0,4,False,0.5,9.194034422677078e-17,0.0,9.194034422677078e-17,30.96879994646828,32,1.0332980307701372,2,0.34127507490190634,0.12382853425639787,1.0,2.930187621488129,2.930187621488129,True
7,32,64,64,0.05,trained,30.0,4,False,0.5,9.194034422677078e-17,0.0,9.194034422677078e-17,30.96879994646828,32,1.0332980307701372,3,0.4200735583547845,0.19414533630443037,1.0,2.3805354564959855,2.3805354564959855,True
7,32,64,64,0.05,trained,30.0,4,False,0.5,9.194034422677078e-17,0.0,9.194034422677078e-17,30.96879994646828,32,1.0332980307701372,4,0.3401599304087609,0.12296883423439905,1.0000000000000002,2.9397936400043565,2.9397936400043565,True
7,32,64,64,0.05,trained,30.0,4,False,0.5,9.194034422677078e-17,0.0,9.194034422677078e-17,30.96879994646828,32,1.0332980307701372,5,0.3605177394376059,0.13923107982420185,1.0,2.773788611789152,2.773788611789152,True
7,32,64,64,0.05,trained,30.0,4,False,0.5,9.194034422677078e-17,0.0,9.194034422677078e-17,30.96879994646828,32,1.0332980307701372,6,0.39403793057545466,0.16873336473032471,1.0000000000000002,2.537826748149843,2.537826748149843,True
7,32,64,64,0.05,trained,30.0,4,False,0.5,9.194034422677078e-17,0.0,9.194034422677078e-17,30.96879994646828,32,1.0332980307701372,7,0.29586586106174073,0.09160731240345317,1.0,3.3799100592796067,3.3799100592796067,True
7,32,64,64,0.05,trained,30.0,4,False,0.5,9.194034422677078e-17,0.0,9.194034422677078e-17,30.96879994646828,32,1.0332980307701372,8,0.3992428387467664,0.17363322306159357,1.0,2.504741232526614,2.504741232526614,True
7,32,64,64,0.05,trained,30.0,4,False,0.5,9.194034422677078e-17,0.0,9.194034422677078e-17,30.96879994646828,32,1.0332980307701372,9,0.357861164714172,0.13703995553708828,1.0,2.7943797723866237,2.7943797723866237,True
7,32,64,64,0.05,trained,30.0,4,False,0.5,9.194034422677078e-17,0.0,9.194034422677078e-17,30.96879994646828,32,1.0332980307701372,10,0.38364325112444553,0.1592092878597974,1.0000000000000002,2.606588274572883,2.606588274572883,True
7,32,64,64,0.05,trained,30.0,4,False,0.5,9.194034422677078e-17,0.0,9.194034422677078e-17,30.96879994646828,32,1.0332980307701372,11,0.34481547401920637,0.1265815543635251,1.0000000000000002,2.90010186707659,2.90010186707659,True
7,32,64,64,0.05,trained,30.0,4,False,0.5,9.194034422677078e-17,0.0,9.194034422677078e-17,30.96879994646828,32,1.0332980307701372,12,0.36922933116850043,0.1465648737733569,1.0000000000000002,2.708343881661023,2.708343881661023,True
7,32,64,64,0.05,trained,30.0,4,False,0.5,9.194034422677078e-17,0.0,9.194034422677078e-17,30.96879994646828,32,1.0332980307701372,13,0.332232365029023,0.11695901267596781,1.0,3.00994155073556,3.00994155073556,True
7,32,64,64,0.05,trained,30.0,4,False,0.5,9.194034422677078e-17,0.0,9.194034422677078e-17,30.96879994646828,32,1.0332980307701372,14,0.39038533198726627,0.16534728721647743,1.0000000000000002,2.561571652575866,2.561571652575866,True
7,32,64,64,0.05,trained,30.0,4,False,0.5,9.194034422677078e-17,0.0,9.194034422677078e-17,30.96879994646828,32,1.0332980307701372,15,0.36607339213878376,0.1438816042379924,1.0000000000000002,2.7316926645706205,2.7316926645706205,True
7,32,64,64,0.05,trained,30.0,4,False,0.5,9.194034422677078e-17,0.0,9.194034422677078e-17,30.96879994646828,32,1.0332980307701372,16,0.3399822799433287,0.122832205798874,1.0,2.941329766265139,2.941329766265139,True
7,32,64,64,0.05,trained,30.0,4,False,0.5,9.194034422677078e-17,0.0,9.194034422677078e-17,30.96879994646828,32,1.0332980307701372,17,0.3083311605908246,0.09989559180593958,1.0,3.2432660976717327,3.2432660976717327,True
7,32,64,64,0.05,trained,30.0,4,False,0.5,9.194034422677078e-17,0.0,9.194034422677078e-17,30.96879994646828,32,1.0332980307701372,18,0.3244661861861687,0.11124256546446856,1.0,3.081985250155561,3.081985250155561,True
7,32,64,64,0.05,trained,30.0,4,False,0.5,9.194034422677078e-17,0.0,9.194034422677078e-17,30.96879994646828,32,1.0332980307701372,19,0.34642965883629206,0.12784872222024016,1.0000000000000002,2.886588877404857,2.886588877404857,True
7,32,64,64,0.05,trained,30.0,4,False,0.5,9.194034422677078e-17,0.0,9.194034422677078e-17,30.96879994646828,32,1.0332980307701372,20,0.34130056526169705,0.12384822712920722,1.0,2.9299687776175696,2.9299687776175696,True
7,32,64,64,0.05,trained,30.0,4,False,0.5,9.194034422677078e-17,0.0,9.194034422677078e-17,30.96879994646828,32,1.0332980307701372,21,0.3670033417985324,0.14466913379346177,1.0000000000000002,2.7247708293319928,2.7247708293319928,True
7,32,64,64,0.05,trained,30.0,4,False,0.5,9.194034422677078e-17,0.0,9.194034422677078e-17,30.96879994646828,32,1.0332980307701372,22,0.38632899112814933,0.16163707066853122,1.0000000000000002,2.58846740204462,2.58846740204462,True
7,32,64,64,0.05,trained,30.0,4,False,0.5,9.194034422677078e-17,0.0,9.194034422677078e-17,30.96879994646828,32,1.0332980307701372,23,0.32664536907540886,0.11282967063055911,1.0,3.061424084567816,3.061424084567816,True
7,32,64,64,0.05,trained,30.0,4,False,0.5,9.194034422677078e-17,0.0,9.194034422677078e-17,30.96879994646828,32,1.0332980307701372,24,0.3782651117109264,0.154415958871259,1.0,2.64364851275052,2.64364851275052,True
8,64,8,8,0.05,random,30.0,4,True,8.0,0.973471432931305,0.3333333333333333,0.6401380995979717,7.162256466186248,64,8.935731400034417,0,0.39008507215772525,0.16507084583329124,3.0360309382602866,0.8443732692245197,0.8443732692245197,True
8,64,8,8,0.05,random,30.0,4,True,8.0,0.973471432931305,0.3333333333333333,0.6401380995979717,7.162256466186248,64,8.935731400034417,1,0.45337931411147564,0.23010875520661936,2.6573911449978134,0.8300090263852097,0.8300090263852097,True
8,64,8,8,0.05,random,30.0,4,True,8.0,0.973471432931305,0.3333333333333333,0.6401380995979717,7.162256466186248,64,8.935731400034417,2,0.5011194436629115,0.28917745239796366,2.6975865807473234,0.739747240154647,0.739747240154647,True
8,64,8,8,0.05,random,30.0,4,True,8.0,0.973471432931305,0.3333333333333333,0.6401380995979717,7.162256466186248,64,8.935731400034417,3,0.29297290640995566,0.08974214639273449,3.0360309382602866,1.1242589346900387,1.1242589346900387,True
8,64,8,8,0.05,random,30.0,4,True,8.0,0.973471432931305,0.3333333333333333,0.6401380995979717,7.162256466186248,64,8.935731400034417,4,0.11675823773165149,0.013726261654671371,3.0794174093552256,2.781274844943317,2.781274844943317,True
8,64,8,8,0.05,random,30.0,4,True,8.0,0.973471432931305,0.3333333333333333,0.6401380995979717,7.162256466186248,64,8.935731400034417,5,0.3545761647907414,0.13435945724708878,3.1833453409216204,0.8859448883638936,0.8859448883638936,True
8,64,8,8,0.05,random,30.0,4,True,8.0,0.973471432931305,0.3333333333333333,0.6401380995979717,7.162256466186248,64,8.935731400034417,6,0.3974161303119668,0.17190351034526147,3.027456334322447,0.8311446654888073,0.8311446654888073,True
8,64,8,8,0.05,random,30.0,4,True,8.0,0.973471432931305,0.3333333333333333,0.6401380995979717,7.162256466186248,64,8.935731400034417,7,0.38267207252513485,0.15833699784740587,2.709545457479096,0.9644434990679244,0.9644434990679244,True
8,64,8,8,0.05,random,30.0,4,True,8.0,0.973471432931305,0.3333333333333333,0.6401380995979717,7.162256466186248,64,8.935731400034417,8,0.4257153847623251,0.19995644804831708,2.9254608074463073,0.8029460583896934,0.8029460583896934,True
8,64,8,8,0.05,random,30.0,4,True,8.0,0.973471432931305,0.3333333333333333,0.6401380995979717,7.162256466186248,64,8.935731400034417,9,0.30620710071678875,0.09845418439351732,3.2888669338172196,0.9929752872398062,0.9929752872398062,True
8,64,8,8,0.05,random,30.0,4,True,8.0,0.973471432931305,0.3333333333333333,0.6401380995979717,7.162256466186248,64,8.935731400034417,10,0.34701083324081505,0.12830679990770372,3.1326315475956705,0.9199148923422467,0.9199148923422467,True
8,64,8,8,0.05,random,30.0,4,True,8.0,0.973471432931305,0.3333333333333333,0.6401380995979717,7.162256466186248,64,8.935731400034417,11,0.24731072350730765,0.06311297127593442,3.094076270096304,1.3068508871190416,1.3068508871190416,True
8,64,8,8,0.05,random,30.0,4,True,8.0,0.973471432931305,0.3333333333333333,0.6401380995979717,7.162256466186248,64,8.935731400034417,12,0.17358398256536026,0.030594679550584338,3.0360309382602866,1.8975103738588288,1.8975103738588288,True
8,64,8,8,0.05,random,30.0,4,True,8.0,0.973471432931305,0.3333333333333333,0.6401380995979717,7.162256466186248,64,8.935731400034417,13,0.5051251260449198,0.2945742932823303,2.9171032180287093,0.6786552792630388,0.6786552792630388,True
8,64,8,8,0.05,random,30.0,4,True,8.0,0.973471432931305,0.3333333333333333,0.6401380995979717,7.162256466186248,64,8.935731400034417,14,0.36610209857162573,0.1439058751822615,3.1138066239446545,0.877215190180276,0.877215190180276,True
8,64,8,8,0.05,random,30.0,4,True,8.0,0.973471432931305,0.3333333333333333,0.6401380995979717,7.162256466186248,64,8.935731400034417,15,0.43322463524207894,0.20786534056193479,3.1326315475956705,0.7368473704731553,0.7368473704731553,True
8,64,8,8,0.05,random,30.0,4,True,8.0,0.973471432931305,0.3333333333333333,0.6401380995979717,7.162256466186248,64,8.935731400034417,16,0.30582440099982694,0.0981957597601479,2.8958993026179884,1.1291312050972395,1.1291312050972395,True
8,64,8,8,0.05,random,30.0,4,True,8.0,0.973471432931305,0.3333333333333333,0.6401380995979717,7.162256466186248,64,8.935731400034417,17,0.2619701464052015,0.07109689511548187,3.0184207514815653,1.2646443824861198,1.2646443824861198,True
8,64,8,8,0.05,random,30.0,4,True,8.0,0.973471432931305,0.3333333333333333,0.6401380995979717,7.162256466186248,64,8.935731400034417,18,0.4397494662861975,0.21490209696084286,2.511536569028548,0.9054306105400581,0.9054306105400581,True
8,64,8,8,0.05,random,30.0,4,True,8.0,0.973471432931305,0.3333333333333333,0.6401380995979717,7.162256466186248,64,8.935731400034417,19,0.31303698749307424,0.10313206221535542,2.632377861038434,1.2135456417481525,1.2135456417481525,True
8,64,8,8,0.05,random,30.0,4,True,8.0,0.973471432931305,0.3333333333333333,0.6401380995979717,7.162256466186248,64,8.935731400034417,20,0.2714565827396048,0.07654489815330866,3.1138066239446545,1.1830633053093829,1.1830633053093829,True
8,64,8,8,0.05,random,30.0,4,True,8.0,0.973471432931305,0.3333333333333333,0.6401380995979717,7.162256466186248,64,8.935731400034417,21,0.2707597856747005,0.07613711112140295,3.0184207514815653,1.2235903984221561,1.2235903984221561,True
8,64,8,8,0.05,random,30.0,4,True,8.0,0.973471432931305,0.3333333333333333,0.6401380995979717,7.162256466186248,64,8.935731400034417,22,0.2609691627286917,0.07053502845924399,3.1833453409216204,1.2037243689922528,1.2037243689922528,True
8,64,8,8,0.05,random,30.0,4,True,8.0,0.973471432931305,0.3333333333333333,0.6401380995979717,7.162256466186248,64,8.935731400034417,23,0.1587711949501479,0.025531463982387023,3.1833453409216204,1.9785386186119291,1.9785386186119291,True
8,64,8,8,0.05,random,30.0,4,True,8.0,0.973471432931305,0.3333333333333333,0.6401380995979717,7.162256466186248,64,8.935731400034417,24,0.27937299539467564,0.08126349563413279,3.1833453409216204,1.1244284376456872,1.1244284376456872,True
9,64,8,8,0.05,trained,30.0,4,True,8.0,0.8869776041796388,0.3333333333333333,0.5536442708463054,7.5805458024493895,64,8.442663848732453,0,0.32044297942394256,0.10834686264768435,2.7768959625795455,1.123801558043806,1.123801558043806,True
9,64,8,8,0.05,trained,30.0,4,True,8.0,0.8869776041796388,0.3333333333333333,0.5536442708463054,7.5805458024493895,64,8.442663848732453,1,0.3283418598433237,0.11407434539882093,2.876897489133856,1.05864258255402,1.05864258255402,True
9,64,8,8,0.05,trained,30.0,4,True,8.0,0.8869776041796388,0.3333333333333333,0.5536442708463054,7.5805458024493895,64,8.442663848732453,2,0.35288837795176503,0.132994630756584,2.844304429955949,0.9962918250525357,0.9962918250525357,True
9,64,8,8,0.05,trained,30.0,4,True,8.0,0.8869776041796388,0.3333333333333333,0.5536442708463054,7.5805458024493895,64,8.442663848732453,3,0.4791766056509064,0.2608586836473716,2.723518301130822,0.7662563653941848,0.7662563653941848,True
9,64,8,8,0.05,trained,30.0,4,True,8.0,0.8869776041796388,0.3333333333333333,0.5536442708463054,7.5805458024493895,64,8.442663848732453,4,0.24457542430078802,0.06168088877767546,2.8361136403453293,1.441662346811715,1.441662346811715,True
9,64,8,8,0.05,trained,30.0,4,True,8.0,0.8869776041796388,0.3333333333333333,0.5536442708463054,7.5805458024493895,64,8.442663848732453,5,0.20397144699967867,0.04249459168879444,2.876897489133856,1.704143788643485,1.704143788643485,True
9,64,8,8,0.05,trained,30.0,4,True,8.0,0.8869776041796388,0.3333333333333333,0.5536442708463054,7.5805458024493895,64,8.442663848732453,6,0.42485002711867453,0.19905788573591476,2.9840325633157088,0.7887889020358374,0.7887889020358374,True
9,64,8,8,0.05,trained,30.0,4,True,8.0,0.8869776041796388,0.3333333333333333,0.5536442708463054,7.5805458024493895,64,8.442663848732453,7,0.422006148571672,0.19612339277182675,2.9343545293104287,0.8075485416076166,0.8075485416076166,True
9,64,8,8,0.05,trained,30.0,4,True,8.0,0.8869776041796388,0.3333333333333333,0.5536442708463054,7.5805458024493895,64,8.442663848732453,8,0.42590824891564355,0.2001570719935251,3.0950322989584667,0.7586103487678433,0.7586103487678433,True
9,64,8,8,0.05,trained,30.0,4,True,8.0,0.8869776041796388,0.3333333333333333,0.5536442708463054,7.5805458024493895,64,8.442663848732453,9,0.41823347868460575,0.1922740097928379,2.7234539697412203,0.8779325807386167,0.8779325807386167,True
9,64,8,8,0.05,trained,30.0,4,True,8.0,0.8869776041796388,0.3333333333333333,0.5536442708463054,7.5805458024493895,64,8.442663848732453,10,0.5174016295198712,0.31157108452963717,2.6777300000303415,0.7217809634115587,0.7217809634115587,True
9,64,8,8,0.05,trained,30.0,4,True,8.0,0.8869776041796388,0.3333333333333333,0.5536442708463054,7.5805458024493895,64,8.442663848732453,11,0.30965201558794525,0.10079801831565233,3.0009650010376645,1.0761310396830688,1.0761310396830688,True
9,64,8,8,0.05,trained,30.0,4,True,8.0,0.8869776041796388,0.3333333333333333,0.5536442708463054,7.5805458024493895,64,8.442663848732453,12,0.18973608592762006,0.0366637585449917,2.7019666800256807,1.950608325995311,1.950608325995311,True
9,64,8,8,0.05,trained,30.0,4,True,8.0,0.8869776041796388,0.3333333333333333,0.5536442708463054,7.5805458024493895,64,8.442663848732453,13,0.35516284990021274,0.13483584299207355,2.654970422835639,1.0605051467243025,1.0605051467243025,True
9,64,8,8,0.05,trained,30.0,4,True,8.0,0.8869776041796388,0.3333333333333333,0.5536442708463054,7.5805458024493895,64,8.442663848732453,14,0.4346109690360333,0.2093475236592269,2.7966573907401973,0.8227351480382364,0.8227351480382364,True
9,64,8,8,0.05,trained,30.0,4,True,8.0,0.8869776041796388,0.3333333333333333,0.5536442708463054,7.5805458024493895,64,8.442663848732453,15,0.33768923461880246,0.12107672547700607,3.008117519503367,0.9844371291087759,0.9844371291087759,True
9,64,8,8,0.05,trained,30.0,4,True,8.0,0.8869776041796388,0.3333333333333333,0.5536442708463054,7.5805458024493895,64,8.442663848732453,16,0.45392015913843187,0.23072661882378198,2.934477865519594,0.7507402337903986,0.7507402337903986,True
9,64,8,8,0.05,trained,30.0,4,True,8.0,0.8869776041796388,0.3333333333333333,0.5536442708463054,7.5805458024493895,64,8.442663848732453,17,0.2771358395934187,0.0799140123412142,2.7019666800256807,1.3354490328466577,1.3354490328466577,True
9,64,8,8,0.05,trained,30.0,4,True,8.0,0.8869776041796388,0.3333333333333333,0.5536442708463054,7.5805458024493895,64,8.442663848732453,18,0.39506633882429276,0.1696945090572505,2.6694353779752302,0.9482231640310518,0.9482231640310518,True
9,64,8,8,0.05,trained,30.0,4,True,8.0,0.8869776041796388,0.3333333333333333,0.5536442708463054,7.5805458024493895,64,8.442663848732453,19,0.4211268443067613,0.19522179095961867,3.0009650010376645,0.7912726295640312,0.7912726295640312,True
9,64,8,8,0.05,trained,30.0,4,True,8.0,0.8869776041796388,0.3333333333333333,0.5536442708463054,7.5805458024493895,64,8.442663848732453,20,0.36600696802320587,0.14382545300072133,3.0038168637264,0.9095722358738847,0.9095722358738847,True
9,64,8,8,0.05,trained,30.0,4,True,8.0,0.8869776041796388,0.3333333333333333,0.5536442708463054,7.5805458024493895,64,8.442663848732453,21,0.3348528385929274,0.11892591494715024,2.6694353779752302,1.1187333975613691,1.1187333975613691,True
9,64,8,8,0.05,trained,30.0,4,True,8.0,0.8869776041796388,0.3333333333333333,0.5536442708463054,7.5805458024493895,64,8.442663848732453,22,0.38827085938654093,0.16340668843770376,3.0950322989584667,0.8321469341363549,0.8321469341363549,True
9,64,8,8,0.05,trained,30.0,4,True,8.0,0.8869776041796388,0.3333333333333333,0.5536442708463054,7.5805458024493895,64,8.442663848732453,23,0.4106163100440163,0.18465117313314003,3.065102180247613,0.7945456366994913,0.7945456366994913,True
9,64,8,8,0.05,trained,30.0,4,True,8.0,0.8869776041796388,0.3333333333333333,0.5536442708463054,7.5805458024493895,64,8.442663848732453,24,0.2055524168945373,0.04317037072674523,2.6640352562092615,1.8261541911160388,1.8261541911160388,True
10,64,16,16,0.05,random,30.0,4,True,4.0,0.8013582270600116,0.21821789023599236,0.5831403368240192,12.987678087009378,64,4.927747636739973,0,0.4240965928440551,0.19827768551589114,2.015612291393315,1.169844718121409,1.169844718121409,True
10,64,16,16,0.05,random,30.0,4,True,4.0,0.8013582270600116,0.21821789023599236,0.5831403368240192,12.987678087009378,64,4.927747636739973,1,0.395777471402774,0.1703611368745712,2.1318030193168687,1.1852278765468234,1.1852278765468234,True
10,64,16,16,0.05,random,30.0,4,True,4.0,0.8013582270600116,0.21821789023599236,0.5831403368240192,12.987678087009378,64,4.927747636739973,2,0.4235783851585883,0.19774222452298557,2.099775908498339,1.1243286076427998,1.1243286076427998,True
10,64,16,16,0.05,random,30.0,4,True,4.0,0.8013582270600116,0.21821789023599236,0.5831403368240192,12.987678087009378,64,4.927747636739973,3,0.3007234561871931,0.09478837278058048,2.238768534627432,1.4853318768592028,1.4853318768592028,True
10,64,16,16,0.05,random,30.0,4,True,4.0,0.8013582270600116,0.21821789023599236,0.5831403368240192,12.987678087009378,64,4.927747636739973,4,0.4290484984769096,0.2034421718459805,2.537856894530327,0.9183886001820913,0.9183886001820913,True
10,64,16,16,0.05,random,30.0,4,True,4.0,0.8013582270600116,0.21821789023599236,0.5831403368240192,12.987678087009378,64,4.927747636739973,5,0.47928930430439665,0.26099890538134163,1.9085392122365867,1.093203907258403,1.093203907258403,True
10,64,16,16,0.05,random,30.0,4,True,4.0,0.8013582270600116,0.21821789023599236,0.5831403368240192,12.987678087009378,64,4.927747636739973,6,0.2889513779767155,0.08718546359779794,2.2592372308289788,1.5318399575136328,1.5318399575136328,True
10,64,16,16,0.05,random,30.0,4,True,4.0,0.8013582270600116,0.21821789023599236,0.5831403368240192,12.987678087009378,64,4.927747636739973,7,0.45067046918778475,0.22703093716463593,2.0394170641550007,1.088014917612084,1.088014917612084,True
10,64,16,16,0.05,random,30.0,4,True,4.0,0.8013582270600116,0.21821789023599236,0.5831403368240192,12.987678087009378,64,4.927747636739973,8,0.3705061366867965,0.14765905960494766,2.358147046240531,1.1445472115617012,1.1445472115617012,True
10,64,16,16,0.05,random,30.0,4,True,4.0,0.8013582270600116,0.21821789023599236,0.5831403368240192,12.987678087009378,64,4.927747636739973,9,0.32681950387460484,0.1129570610542344,2.6505243217011496,1.1544104245654792,1.1544104245654792,True
10,64,16,16,0.05,random,30.0,4,True,4.0,0.8013582270600116,0.21821789023599236,0.5831403368240192,12.987678087009378,64,4.927747636739973,10,0.47302705279672164,0.2532865622447723,2.0962768352937515,1.0084755784552448,1.0084755784552448,True
10,64,16,16,0.05,random,30.0,4,True,4.0,0.8013582270600116,0.21821789023599236,0.5831403368240192,12.987678087009378,64,4.927747636739973,11,0.3675407333722152,0.14512541942851806,2.5147542254333293,1.0819295334182686,1.0819295334182686,True
10,64,16,16,0.05,random,30.0,4,True,4.0,0.8013582270600116,0.21821789023599236,0.5831403368240192,12.987678087009378,64,4.927747636739973,12,0.3735795398512478,0.15031333655033746,2.1959213444002814,1.2189899836920155,1.2189899836920155,True
10,64,16,16,0.05,random,30.0,4,True,4.0,0.8013582270600116,0.21821789023599236,0.5831403368240192,12.987678087009378,64,4.927747636739973,13,0.4279781314458897,0.20231850690859055,2.042405413785173,1.1440275122281363,1.1440275122281363,True
10,64,16,16,0.05,random,30.0,4,True,4.0,0.8013582270600116,0.21821789023599236,0.5831403368240192,12.987678087009378,64,4.927747636739973,14,0.3189264568775529,0.10726687037170374,2.4107337710322434,1.3006492657853967,1.3006492657853967,True
10,64,16,16,0.05,random,30.0,4,True,4.0,0.8013582270600116,0.21821789023599236,0.5831403368240192,12.987678087009378,64,4.927747636739973,15,0.308130551218056,0.09975894113807773,2.496897579868264,1.299764020166006,1.299764020166006,True
10,64,16,16,0.05,random,30.0,4,True,4.0,0.8013582270600116,0.21821789023599236,0.5831403368240192,12.987678087009378,64,4.927747636739973,16,0.3200243314970792,0.10804809368478621,2.4223255910802735,1.28998447495904,1.28998447495904,True
10,64,16,16,0.05,random,30.0,4,True,4.0,0.8013582270600116,0.21821789023599236,0.5831403368240192,12.987678087009378,64,4.927747636739973,17,0.40789500226589465,0.1819756160865349,2.0962768352937515,1.1695074174583482,1.1695074174583482,True
10,64,16,16,0.05,random,30.0,4,True,4.0,0.8013582270600116,0.21821789023599236,0.5831403368240192,12.987678087009378,64,4.927747636739973,18,0.3915677351661677,0.1664387091274551,2.061835676856154,1.238622744928908,1.238622744928908,True
10,64,16,16,0.05,random,30.0,4,True,4.0,0.8013582270600116,0.21821789023599236,0.5831403368240192,12.987678087009378,64,4.927747636739973,19,0.418931037549267,0.19298203537953684,2.4223255910802735,0.9854281068678954,0.9854281068678954,True
10,64,16,16,0.05,random,30.0,4,True,4.0,0.8013582270600116,0.21821789023599236,0.5831403368240192,12.987678087009378,64,4.927747636739973,20,0.3532532664828733,0.13328898804211028,2.1953994171206053,1.2894374187393498,1.2894374187393498,True
10,64,16,16,0.05,random,30.0,4,True,4.0,0.8013582270600116,0.21821789023599236,0.5831403368240192,12.987678087009378,64,4.927747636739973,21,0.39242523957691167,0.16723304545214343,2.238768534627432,1.1382400787362348,1.1382400787362348,True
10,64,16,16,0.05,random,30.0,4,True,4.0,0.8013582270600116,0.21821789023599236,0.5831403368240192,12.987678087009378,64,4.927747636739973,22,0.4141250745748478,0.18813793202708376,2.2031641646358735,1.0960279111370608,1.0960279111370608,True
10,64,16,16,0.05,random,30.0,4,True,4.0,0.8013582270600116,0.21821789023599236,0.5831403368240192,12.987678087009378,64,4.927747636739973,23,0.3536882726774632,0.13364042054449898,2.388499812323305,1.1837340178938935,1.1837340178938935,True
10,64,16,16,0.05,random,30.0,4,True,4.0,0.8013582270600116,0.21821789023599236,0.5831403368240192,12.987678087009378,64,4.927747636739973,24,0.38398721073474745,0.15951893751571064,2.285666225842335,1.1393848204374533,1.1393848204374533,True
11,64,16,16,0.05,trained,30.0,4,True,4.0,0.5960771941393469,0.21821789023599236,0.37785930390335454,15.755359028146682,64,4.062109907217289,0,0.39703553230519295,0.17154449519807183,1.9900115619306458,1.2656540846803503,1.2656540846803503,True
11,64,16,16,0.05,trained,30.0,4,True,4.0,0.5960771941393469,0.21821789023599236,0.37785930390335454,15.755359028146682,64,4.062109907217289,1,0.39034421151091686,0.16530941157991796,1.9885532654873048,1.2882941300131459,1.2882941300131459,True
11,64,16,16,0.05,trained,30.0,4,True,4.0,0.5960771941393469,0.21821789023599236,0.37785930390335454,15.755359028146682,64,4.062109907217289,2,0.4575480685787792,0.23490018431276238,1.9862055330483,1.1003708734101123,1.1003708734101123,True
11,64,16,16,0.05,trained,30.0,4,True,4.0,0.5960771941393469,0.21821789023599236,0.37785930390335454,15.755359028146682,64,4.062109907217289,3,0.47913960562885244,0.2608126590168702,2.0085209723483914,1.0391100807187408,1.0391100807187408,True
11,64,16,16,0.05,trained,30.0,4,True,4.0,0.5960771941393469,0.21821789023599236,0.37785930390335454,15.755359028146682,64,4.062109907217289,4,0.38267934480331844,0.15834351859927645,1.995622768540325,1.309442787917239,1.309442787917239,True
11,64,16,16,0.05,trained,30.0,4,True,4.0,0.5960771941393469,0.21821789023599236,0.37785930390335454,15.755359028146682,64,4.062109907217289,5,0.4867128409598688,0.27035229038697123,2.022618826956934,1.0158115584898415,1.0158115584898415,True
11,64,16,16,0.05,trained,30.0,4,True,4.0,0.5960771941393469,0.21821789023599236,0.37785930390335454,15.755359028146682,64,4.062109907217289,6,0.4540714083979211,0.23089960680601948,1.9981454731472847,1.102170391627789,1.102170391627789,True
11,64,16,16,0.05,trained,30.0,4,True,4.0,0.5960771941393469,0.21821789023599236,0.37785930390335454,15.755359028146682,64,4.062109907217289,7,0.4387220446698161,0.21378378153967556,2.001654748546716,1.1387315976575811,1.1387315976575811,True
11,64,16,16,0.05,trained,30.0,4,True,4.0,0.5960771941393469,0.21821789023599236,0.37785930390335454,15.755359028146682,64,4.062109907217289,8,0.47085799292215097,0.250652539590146,1.9892601306706608,1.0676243598499515,1.0676243598499515,True
11,64,16,16,0.05,trained,30.0,4,True,4.0,0.5960771941393469,0.21821789023599236,0.37785930390335454,15.755359028146682,64,4.062109907217289,9,0.4826444061999754,0.2651975842166997,1.9762074111789794,1.0484318341676726,1.0484318341676726,True
11,64,16,16,0.05,trained,30.0,4,True,4.0,0.5960771941393469,0.21821789023599236,0.37785930390335454,15.755359028146682,64,4.062109907217289,10,0.3726179880044739,0.14947979788231353,1.9864120403501506,1.3510357606749086,1.3510357606749086,True
11,64,16,16,0.05,trained,30.0,4,True,4.0,0.5960771941393469,0.21821789023599236,0.37785930390335454,15.755359028146682,64,4.062109907217289,11,0.43519720661859274,0.20997638104221006,2.0174563342116008,1.138963370573428,1.138963370573428,True
11,64,16,16,0.05,trained,30.0,4,True,4.0,0.5960771941393469,0.21821789023599236,0.37785930390335454,15.755359028146682,64,4.062109907217289,12,0.43641742106631976,0.21128929819335776,1.9924700271788696,1.1500219361677777,1.1500219361677777,True
11,64,16,16,0.05,trained,30.0,4,True,4.0,0.5960771941393469,0.21821789023599236,0.37785930390335454,15.755359028146682,64,4.062109907217289,13,0.40125096021475404,0.17554735329741725,1.9981454731472847,1.2472594751002324,1.2472594751002324,True
11,64,16,16,0.05,trained,30.0,4,True,4.0,0.5960771941393469,0.21821789023599236,0.37785930390335454,15.755359028146682,64,4.062109907217289,14,0.47220493716504874,0.252285974957779,1.9924700271788696,1.0628639559874253,1.0628639559874253,True
11,64,16,16,0.05,trained,30.0,4,True,4.0,0.5960771941393469,0.21821789023599236,0.37785930390335454,15.755359028146682,64,4.062109907217289,15,0.46080165183018457,0.23868642124314782,1.9885532654873048,1.091311531494782,1.091311531494782,True
11,64,16,16,0.05,trained,30.0,4,True,4.0,0.5960771941393469,0.21821789023599236,0.37785930390335454,15.755359028146682,64,4.062109907217289,16,0.4858417024706398,0.26924267440052174,2.013573319230243,1.0222044377877302,1.0222044377877302,True
11,64,16,16,0.05,trained,30.0,4,True,4.0,0.5960771941393469,0.21821789023599236,0.37785930390335454,15.755359028146682,64,4.062109907217289,17,0.43479225442805736,0.20954185584186952,2.013374925642065,1.1423351636676005,1.1423351636676005,True
11,64,16,16,0.05,trained,30.0,4,True,4.0,0.5960771941393469,0.21821789023599236,0.37785930390335454,15.755359028146682,64,4.062109907217289,18,0.4615925755454475,0.23961306450529254,2.008043121513152,1.0788675990265046,1.0788675990265046,True
11,64,16,16,0.05,trained,30.0,4,True,4.0,0.5960771941393469,0.21821789023599236,0.37785930390335454,15.755359028146682,64,4.062109907217289,19,0.4470892598735551,0.22300456884057532,2.021353871408889,1.1065305586308138,1.1065305586308138,True
11,64,16,16,0.05,trained,30.0,4,True,4.0,0.5960771941393469,0.21821789023599236,0.37785930390335454,15.755359028146682,64,4.062109907217289,20,0.4728109617746029,0.25302329472867785,2.00113703182326,1.0569042259129267,1.0569042259129267,True
11,64,16,16,0.05,trained,30.0,4,True,4.0,0.5960771941393469,0.21821789023599236,0.37785930390335454,15.755359028146682,64,4.062109907217289,21,0.4152453791193265,0.1892600423645742,2.012688934011917,1.1965160618933262,1.1965160618933262,True
11,64,16,16,0.05,trained,30.0,4,True,4.0,0.5960771941393469,0.21821789023599236,0.37785930390335454,15.755359028146682,64,4.062109907217289,22,0.456122839678596,0.23325455173057946,1.9543678263342923,1.1217908054706476,1.1217908054706476,True
11,64,16,16,0.05,trained,30.0,4,True,4.0,0.5960771941393469,0.21821789023599236,0.37785930390335454,15.755359028146682,64,4.062109907217289,23,0.47827375344728973,0.25973723633704365,2.021353871408889,1.0343823488533634,1.0343823488533634,True
11,64,16,16,0.05,trained,30.0,4,True,4.0,0.5960771941393469,0.21821789023599236,0.37785930390335454,15.755359028146682,64,4.062109907217289,24,0.4502762595479184,0.2265853549213938,2.0117134620533106,1.103963788304181,1.103963788304181,True
12,64,32,32,0.05,random,30.0,4,True,2.0,0.6022649591024262,0.12598815766974242,0.47627680143268375,21.855949031185666,64,2.928264515472658,0,0.44332066042373486,0.2188194237918547,1.4731404745249272,1.53122096445679,1.53122096445679,True
12,64,32,32,0.05,random,30.0,4,True,2.0,0.6022649591024262,0.12598815766974242,0.47627680143268375,21.855949031185666,64,2.928264515472658,1,0.41981917808409586,0.19388593797792447,1.7306764283682023,1.3763276895493932,1.3763276895493932,True
12,64,32,32,0.05,random,30.0,4,True,2.0,0.6022649591024262,0.12598815766974242,0.47627680143268375,21.855949031185666,64,2.928264515472658,2,0.3592107197627632,0.13815043392404228,1.6332307846266494,1.7045241314780148,1.7045241314780148,True
12,64,32,32,0.05,random,30.0,4,True,2.0,0.6022649591024262,0.12598815766974242,0.47627680143268375,21.855949031185666,64,2.928264515472658,3,0.4021865558409526,0.1764436961516051,1.6457994613483837,1.510760200004344,1.510760200004344,True
12,64,32,32,0.05,random,30.0,4,True,2.0,0.6022649591024262,0.12598815766974242,0.47627680143268375,21.855949031185666,64,2.928264515472658,4,0.4130322103215741,0.18704743429833479,1.7410910148153218,1.3905755987241974,1.3905755987241974,True
12,64,32,32,0.05,random,30.0,4,True,2.0,0.6022649591024262,0.12598815766974242,0.47627680143268375,21.855949031185666,64,2.928264515472658,5,0.3695176672245349,0.14681153481411022,1.718936503442973,1.5743633026000252,1.5743633026000252,True
12,64,32,32,0.05,random,30.0,4,True,2.0,0.6022649591024262,0.12598815766974242,0.47627680143268375,21.855949031185666,64,2.928264515472658,6,0.3520514476654912,0.13232095042349204,1.6780577445958462,1.6927271655255687,1.6927271655255687,True
12,64,32,32,0.05,random,30.0,4,True,2.0,0.6022649591024262,0.12598815766974242,0.47627680143268375,21.855949031185666,64,2.928264515472658,7,0.3283810289375934,0.11410317733458628,1.8743707405425811,1.6246748008131677,1.6246748008131677,True
12,64,32,32,0.05,random,30.0,4,True,2.0,0.6022649591024262,0.12598815766974242,0.47627680143268375,21.855949031185666,64,2.928264515472658,8,0.4195415597205159,0.1936030991593805,1.568122732107933,1.5200048056017854,1.5200048056017854,True
12,64,32,32,0.05,random,30.0,4,True,2.0,0.6022649591024262,0.12598815766974242,0.47627680143268375,21.855949031185666,64,2.928264515472658,9,0.46029144753779794,0.2380899653866745,1.6368302232739862,1.32728277703219,1.32728277703219,True
12,64,32,32,0.05,random,30.0,4,True,2.0,0.6022649591024262,0.12598815766974242,0.47627680143268375,21.855949031185666,64,2.928264515472658,10,0.3617251175757974,0.14023387350514666,1.8743707405425811,1.474911077105983,1.474911077105983,True
12,64,32,32,0.05,random,30.0,4,True,2.0,0.6022649591024262,0.12598815766974242,0.47627680143268375,21.855949031185666,64,2.928264515472658,11,0.3767656359995099,0.15309563846098317,1.6654656060044395,1.5936503658576182,1.5936503658576182,True
12,64,32,32,0.05,random,30.0,4,True,2.0,0.6022649591024262,0.12598815766974242,0.47627680143268375,21.855949031185666,64,2.928264515472658,12,0.35800996825100395,0.1371621327828587,1.6618990637682098,1.680738845780982,1.680738845780982,True
12,64,32,32,0.05,random,30.0,4,True,2.0,0.6022649591024262,0.12598815766974242,0.47627680143268375,21.855949031185666,64,2.928264515472658,13,0.41627250836406127,0.1902926028026263,1.6780577445958462,1.4315791630534425,1.4315791630534425,True
12,64,32,32,0.05,random,30.0,4,True,2.0,0.6022649591024262,0.12598815766974242,0.47627680143268375,21.855949031185666,64,2.928264515472658,14,0.4164373544911676,0.19045865764399597,1.6594404417754358,1.4470670383832627,1.4470670383832627,True
12,64,32,32,0.05,random,30.0,4,True,2.0,0.6022649591024262,0.12598815766974242,0.47627680143268375,21.855949031185666,64,2.928264515472658,15,0.44513307720670336,0.22082556046138863,1.6018624290964152,1.4024420256601065,1.4024420256601065,True
12,64,32,32,0.05,random,30.0,4,True,2.0,0.6022649591024262,0.12598815766974242,0.47627680143268375,21.855949031185666,64,2.928264515472658,16,0.35670530820543783,0.13609315903582167,1.7718360974915413,1.5822200459080447,1.5822200459080447,True
12,64,32,32,0.05,random,30.0,4,True,2.0,0.6022649591024262,0.12598815766974242,0.47627680143268375,21.855949031185666,64,2.928264515472658,17,0.45939053595149837,0.23703923129069066,1.6552277616028561,1.315104289598471,1.315104289598471,True
12,64,32,32,0.05,random,30.0,4,True,2.0,0.6022649591024262,0.12598815766974242,0.47627680143268375,21.855949031185666,64,2.928264515472658,18,0.4786071599806324,0.2601509732646364,1.6368302232739862,1.276489283521913,1.276489283521913,True
12,64,32,32,0.05,random,30.0,4,True,2.0,0.6022649591024262,0.12598815766974242,0.47627680143268375,21.855949031185666,64,2.928264515472658,19,0.4342868070306563,0.20900032832869359,1.5765348953386358,1.4605612548849245,1.4605612548849245,True
12,64,32,32,0.05,random,30.0,4,True,2.0,0.6022649591024262,0.12598815766974242,0.47627680143268375,21.855949031185666,64,2.928264515472658,20,0.3604737838192327,0.13919465445747892,1.6618990637682098,1.6692511018166707,1.6692511018166707,True
12,64,32,32,0.05,random,30.0,4,True,2.0,0.6022649591024262,0.12598815766974242,0.47627680143268375,21.855949031185666,64,2.928264515472658,21,0.3641946855643232,0.14229859129265734,1.7739018290893307,1.5478783088932455,1.5478783088932455,True
12,64,32,32,0.05,random,30.0,4,True,2.0,0.6022649591024262,0.12598815766974242,0.47627680143268375,21.855949031185666,64,2.928264515472658,22,0.4639011769980471,0.24233185242308958,1.568122732107933,1.3746574023620923,1.3746574023620923,True
12,64,32,32,0.05,random,30.0,4,True,2.0,0.6022649591024262,0.12598815766974242,0.47627680143268375,21.855949031185666,64,2.928264515472658,23,0.36436337869152946,0.1424402984619598,1.7775388469706506,1.5439960277642522,1.5439960277642522,True
12,64,32,32,0.05,random,30.0,4,True,2.0,0.6022649591024262,0.12598815766974242,0.47627680143268375,21.855949031185666,64,2.928264515472658,24,0.4193362424713061,0.19339409279478925,1.6332307846266494,1.4601250216599468,1.4601250216599468,True
13,64,32,32,0.05,trained,30.0,4,True,2.0,0.9999997330597612,0.12598815766974242,0.8740115753900188,31.260677612852074,64,2.0473004709817277,0,0.48585884375049837,0.26926447713845086,1.4142138394440842,1.4553746458389023,1.4553746458389023,True
13,64,32,32,0.05,trained,30.0,4,True,2.0,0.9999997330597612,0.12598815766974242,0.8740115753900188,31.260677612852074,64,2.0473004709817277,1,0.49495204328012027,0.2810077621591724,1.414213855447485,1.4286366613688124,1.4286366613688124,True
13,64,32,32,0.05,trained,30.0,4,True,2.0,0.9999997330597612,0.12598815766974242,0.8740115753900188,31.260677612852074,64,2.0473004709817277,2,0.4982130345826111,0.2853065333843257,1.4142138266391298,1.419285727130662,1.419285727130662,True
13,64,32,32,0.05,trained,30.0,4,True,2.0,0.9999997330597612,0.12598815766974242,0.8740115753900188,31.260677612852074,64,2.0473004709817277,3,0.4686407079241544,0.24797956912629845,1.414213732521524,1.508846082203304,1.508846082203304,True
13,64,32,32,0.05,trained,30.0,4,True,2.0,0.9999997330597612,0.12598815766974242,0.8740115753900188,31.260677612852074,64,2.0473004709817277,4,0.48279169685704926,0.2653829855449909,1.4142138415584666,1.4646205520872035,1.4646205520872035,True
13,64,32,32,0.05,trained,30.0,4,True,2.0,0.9999997330597612,0.12598815766974242,0.8740115753900188,31.260677612852074,64,2.0473004709817277,5,0.4880969509186623,0.27212193966032555,1.4142137241318042,1.4487013266039357,1.4487013266039357,True
13,64,32,32,0.05,trained,30.0,4,True,2.0,0.9999997330597612,0.12598815766974242,0.8740115753900188,31.260677612852074,64,2.0473004709817277,6,0.48927924844131704,0.27364003554890887,1.4142138001872575,1.4452005976793332,1.4452005976793332,True
13,64,32,32,0.05,trained,30.0,4,True,2.0,0.9999997330597612,0.12598815766974242,0.8740115753900188,31.260677612852074,64,2.0473004709817277,7,0.4445545264794391,0.22018384433790542,1.4142136907050087,1.5905961471596908,1.5905961471596908,True
13,64,32,32,0.05,trained,30.0,4,True,2.0,0.9999997330597612,0.12598815766974242,0.8740115753900188,31.260677612852074,64,2.0473004709817277,8,0.4686944941358224,0.2480441756050967,1.4142137677135287,1.5086728932459659,1.5086728932459659,True
13,64,32,32,0.05,trained,30.0,4,True,2.0,0.9999997330597612,0.12598815766974242,0.8740115753900188,31.260677612852074,64,2.0473004709817277,9,0.4988364274612868,0.28613364703120464,1.4142138314077215,1.4175120495267686,1.4175120495267686,True
13,64,32,32,0.05,trained,30.0,4,True,2.0,0.9999997330597612,0.12598815766974242,0.8740115753900188,31.260677612852074,64,2.0473004709817277,10,0.4783713095688107,0.25985824991077444,1.4142137201410272,1.4781544966397644,1.4781544966397644,True
13,64,32,32,0.05,trained,30.0,4,True,2.0,0.9999997330597612,0.12598815766974242,0.8740115753900188,31.260677612852074,64,2.0473004709817277,11,0.4918671627055372,0.276983910070559,1.414213659274248,1.4375969496449048,1.4375969496449048,True
13,64,32,32,0.05,trained,30.0,4,True,2.0,0.9999997330597612,0.12598815766974242,0.8740115753900188,31.260677612852074,64,2.0473004709817277,12,0.49053693163324247,0.27526150313319236,1.4142137655609242,1.4414952962630891,1.4414952962630891,True
13,64,32,32,0.05,trained,30.0,4,True,2.0,0.9999997330597612,0.12598815766974242,0.8740115753900188,31.260677612852074,64,2.0473004709817277,13,0.4778643939592872,0.25922987452222984,1.4142137989966674,1.4797224313285513,1.4797224313285513,True
13,64,32,32,0.05,trained,30.0,4,True,2.0,0.9999997330597612,0.12598815766974242,0.8740115753900188,31.260677612852074,64,2.0473004709817277,14,0.46529908689391575,0.24398835282232453,1.4142137988262808,1.5196820343668302,1.5196820343668302,True
13,64,32,32,0.05,trained,30.0,4,True,2.0,0.9999997330597612,0.12598815766974242,0.8740115753900188,31.260677612852074,64,2.0473004709817277,15,0.49365700644259547,0.27931350679435757,1.4142136102764415,1.4323847286812497,1.4323847286812497,True
13,64,32,32,0.05,trained,30.0,4,True,2.0,0.9999997330597612,0.12598815766974242,0.8740115753900188,31.260677612852074,64,2.0473004709817277,16,0.494431248962303,0.2803255447783035,1.414213659274248,1.4301416713042068,1.4301416713042068,True
13,64,32,32,0.05,trained,30.0,4,True,2.0,0.9999997330597612,0.12598815766974242,0.8740115753900188,31.260677612852074,64,2.0473004709817277,17,0.49322828189536794,0.2787542285978916,1.4142138328820326,1.4336295623901556,1.4336295623901556,True
13,64,32,32,0.05,trained,30.0,4,True,2.0,0.9999997330597612,0.12598815766974242,0.8740115753900188,31.260677612852074,64,2.0473004709817277,18,0.42004563787243465,0.19411685408103646,1.4142137429595327,1.6834044378484516,1.6834044378484516,True
13,64,32,32,0.05,trained,30.0,4,True,2.0,0.9999997330597612,0.12598815766974242,0.8740115753900188,31.260677612852074,64,2.0473004709817277,19,0.48128898574801776,0.2634957184632816,1.414213683010409,1.4691936483211074,1.4691936483211074,True
13,64,32,32,0.05,trained,30.0,4,True,2.0,0.9999997330597612,0.12598815766974242,0.8740115753900188,31.260677612852074,64,2.0473004709817277,20,0.46568936179169207,0.24445220374674448,1.414213677306465,1.5184085824923004,1.5184085824923004,True
13,64,32,32,0.05,trained,30.0,4,True,2.0,0.9999997330597612,0.12598815766974242,0.8740115753900188,31.260677612852074,64,2.0473004709817277,21,0.49230280771367385,0.27754965188457353,1.4142137263076284,1.4363247337613148,1.4363247337613148,True
13,64,32,32,0.05,trained,30.0,4,True,2.0,0.9999997330597612,0.12598815766974242,0.8740115753900188,31.260677612852074,64,2.0473004709817277,22,0.4858418730604722,0.26924289137500335,1.4142136847719124,1.4554256419539435,1.4554256419539435,True
13,64,32,32,0.05,trained,30.0,4,True,2.0,0.9999997330597612,0.12598815766974242,0.8740115753900188,31.260677612852074,64,2.0473004709817277,23,0.4868047898186699,0.2704695985260548,1.4142136363457152,1.452546809294193,1.452546809294193,True
13,64,32,32,0.05,trained,30.0,4,True,2.0,0.9999997330597612,0.12598815766974242,0.8740115753900188,31.260677612852074,64,2.0473004709817277,24,0.49724167528228463,0.28402115996021254,1.4142137402684167,1.422058382048272,1.422058382048272,True
14,64,64,64,0.05,random,30.0,4,False,1.0,0.44932627680436515,0.0,0.44932627680436515,31.798492223339952,64,2.0126740460047436,0,0.37297484092105004,0.14978881057887095,1.4511268605133876,1.847630324648133,1.847630324648133,True
14,64,64,64,0.05,random,30.0,4,False,1.0,0.44932627680436515,0.0,0.44932627680436515,31.798492223339952,64,2.0126740460047436,1,0.32656374197557425,0.112769984291346,1.4511268605133876,2.110214753933365,2.110214753933365,True
14,64,64,64,0.05,random,30.0,4,False,1.0,0.44932627680436515,0.0,0.44932627680436515,31.798492223339952,64,2.0126740460047436,2,0.3165521472940558,0.10558861051001003,1.4737031958829898,2.1436047504421887,2.1436047504421887,True
14,64,64,64,0.05,random,30.0,4,False,1.0,0.44932627680436515,0.0,0.44932627680436515,31.798492223339952,64,2.0126740460047436,3,0.35727377957621015,0.13655831607876592,1.4050354247372407,1.9921020459540062,1.9921020459540062,True
14,64,64,64,0.05,random,30.0,4,False,1.0,0.44932627680436515,0.0,0.44932627680436515,31.798492223339952,64,2.0126740460047436,4,0.3114354345646591,0.10202389936099972,1.4054605094755677,2.284616601683349,2.284616601683349,True
14,64,64,64,0.05,random,30.0,4,False,1.0,0.44932627680436515,0.0,0.44932627680436515,31.798492223339952,64,2.0126740460047436,5,0.36504732779476845,0.14301571441438546,1.4851913938167216,1.844456436901148,1.844456436901148,True
14,64,64,64,0.05,random,30.0,4,False,1.0,0.44932627680436515,0.0,0.44932627680436515,31.798492223339952,64,2.0126740460047436,6,0.38348990252088155,0.1590713560796733,1.407926492139602,1.8521070542755942,1.8521070542755942,True
14,64,64,64,0.05,random,30.0,4,False,1.0,0.44932627680436515,0.0,0.44932627680436515,31.798492223339952,64,2.0126740460047436,7,0.3851626673400476,0.16057996381609718,1.4527331625402802,1.7871868644453734,1.7871868644453734,True
14,64,64,64,0.05,random,30.0,4,False,1.0,0.44932627680436515,0.0,0.44932627680436515,31.798492223339952,64,2.0126740460047436,8,0.36886540842369003,0.1462539126479822,1.368554396177792,1.980934000344974,1.980934000344974,True
14,64,64,64,0.05,random,30.0,4,False,1.0,0.44932627680436515,0.0,0.44932627680436515,31.798492223339952,64,2.0126740460047436,9,0.38341173228934755,0.1590010731895059,1.3481300527391007,1.9346518001746003,1.9346518001746003,True
14,64,64,64,0.05,random,30.0,4,False,1.0,0.44932627680436515,0.0,0.44932627680436515,31.798492223339952,64,2.0126740460047436,10,0.397023149576232,0.17153282260733865,1.4233610394887526,1.7695754952939513,1.7695754952939513,True
14,64,64,64,0.05,random,30.0,4,False,1.0,0.44932627680436515,0.0,0.44932627680436515,31.798492223339952,64,2.0126740460047436,11,0.33889969396599745,0.12200154897640277,1.4146033765553525,2.0859031164418225,2.0859031164418225,True
14,64,64,64,0.05,random,30.0,4,False,1.0,0.44932627680436515,0.0,0.44932627680436515,31.798492223339952,64,2.0126740460047436,12,0.37595253919017707,0.152382607466257,1.3658682452267399,1.947413468342983,1.947413468342983,True
14,64,64,64,0.05,random,30.0,4,False,1.0,0.44932627680436515,0.0,0.44932627680436515,31.798492223339952,64,2.0126740460047436,13,0.32586138147230465,0.11225717630511105,1.4851913938167216,2.066258635750152,2.066258635750152,True
14,64,64,64,0.05,random,30.0,4,False,1.0,0.44932627680436515,0.0,0.44932627680436515,31.798492223339952,64,2.0126740460047436,14,0.424540078986547,0.19873668523561075,1.2516450197859537,1.8819155377305825,1.8819155377305825,True
14,64,64,64,0.05,random,30.0,4,False,1.0,0.44932627680436515,0.0,0.44932627680436515,31.798492223339952,64,2.0126740460047436,15,0.3729305431491989,0.14975043015703896,1.4737031958829898,1.8195417328173626,1.8195417328173626,True
14,64,64,64,0.05,random,30.0,4,False,1.0,0.44932627680436515,0.0,0.44932627680436515,31.798492223339952,64,2.0126740460047436,16,0.35216508779347855,0.1324123036788783,1.3911934481179626,2.0411089016041517,2.0411089016041517,True
14,64,64,64,0.05,random,30.0,4,False,1.0,0.44932627680436515,0.0,0.44932627680436515,31.798492223339952,64,2.0126740460047436,17,0.38424758762549643,0.15975359021772023,1.3128955647057137,1.9822511077624156,1.9822511077624156,True
14,64,64,64,0.05,random,30.0,4,False,1.0,0.44932627680436515,0.0,0.44932627680436515,31.798492223339952,64,2.0126740460047436,18,0.38930698592533747,0.1643558264902534,1.4146033765553525,1.8158213270296357,1.8158213270296357,True
14,64,64,64,0.05,random,30.0,4,False,1.0,0.44932627680436515,0.0,0.44932627680436515,31.798492223339952,64,2.0126740460047436,19,0.4001456056287814,0.17449209403082863,1.3481300527391007,1.853745705681429,1.853745705681429,True
14,64,64,64,0.05,random,30.0,4,False,1.0,0.44932627680436515,0.0,0.44932627680436515,31.798492223339952,64,2.0126740460047436,20,0.37315032413775273,0.14994091181951125,1.4810239072728155,1.8094813349587884,1.8094813349587884,True
14,64,64,64,0.05,random,30.0,4,False,1.0,0.44932627680436515,0.0,0.44932627680436515,31.798492223339952,64,2.0126740460047436,21,0.3533879014848985,0.13339769746600472,1.408699592281732,2.0087687063279067,2.0087687063279067,True
14,64,64,64,0.05,random,30.0,4,False,1.0,0.44932627680436515,0.0,0.44932627680436515,31.798492223339952,64,2.0126740460047436,22,0.2941495735023038,0.0904981449879593,1.4810239072728155,2.295459886688556,2.295459886688556,True
14,64,64,64,0.05,random,30.0,4,False,1.0,0.44932627680436515,0.0,0.44932627680436515,31.798492223339952,64,2.0126740460047436,23,0.333393514954497,0.11782817696566578,1.4839402832354336,2.0212797624453605,2.0212797624453605,True
14,64,64,64,0.05,random,30.0,4,False,1.0,0.44932627680436515,0.0,0.44932627680436515,31.798492223339952,64,2.0126740460047436,24,0.3778230967698569,0.15402602879141353,1.3658682452267399,1.9377720540008667,1.9377720540008667,True
15,64,64,64,0.05,trained,30.0,4,False,1.0,1.0130968633067024e-16,0.0,1.0130968633067024e-16,61.351659938363284,64,1.0431665592144916,0,0.496393801353527,0.2829025871065799,1.0000000000000002,2.0145295877452125,2.0145295877452125,True
15,64,64,64,0.05,trained,30.0,4,False,1.0,1.0130968633067024e-16,0.0,1.0130968633067024e-16,61.351659938363284,64,1.0431665592144916,1,0.4895325826874785,0.27396610061523924,1.0,2.042764946329237,2.042764946329237,True
15,64,64,64,0.05,trained,30.0,4,False,1.0,1.0130968633067024e-16,0.0,1.0130968633067024e-16,61.351659938363284,64,1.0431665592144916,2,0.48518551565316087,0.2684089769663215,0.9999999999999999,2.0610672984616856,2.0610672984616856,True
15,64,64,64,0.05,trained,30.0,4,False,1.0,1.0130968633067024e-16,0.0,1.0130968633067024e-16,61.351659938363284,64,1.0431665592144916,3,0.48188670272268325,0.26424526497948275,1.0,2.075176580615218,2.075176580615218,True
15,64,64,64,0.05,trained,30.0,4,False,1.0,1.0130968633067024e-16,0.0,1.0130968633067024e-16,61.351659938363284,64,1.0431665592144916,4,0.48421273781734137,0.26717639230886214,1.0000000000000002,2.0652079590215733,2.0652079590215733,True
15,64,64,64,0.05,trained,30.0,4,False,1.0,1.0130968633067024e-16,0.0,1.0130968633067024e-16,61.351659938363284,64,1.0431665592144916,5,0.4933257314508384,0.27888128300751513,1.0000000000000002,2.0270582624163263,2.0270582624163263,True
15,64,64,64,0.05,trained,30.0,4,False,1.0,1.0130968633067024e-16,0.0,1.0130968633067024e-16,61.351659938363284,64,1.0431665592144916,6,0.497545153444306,0.28442229758360815,1.0,2.0098678342606697,2.0098678342606697,True
15,64,64,64,0.05,trained,30.0,4,False,1.0,1.0130968633067024e-16,0.0,1.0130968633067024e-16,61.351659938363284,64,1.0431665592144916,7,0.4657108883944662,0.24447780620400772,1.0000000000000002,2.147254927724559,2.147254927724559,True
15,64,64,64,0.05,trained,30.0,4,False,1.0,1.0130968633067024e-16,0.0,1.0130968633067024e-16,61.351659938363284,64,1.0431665592144916,8,0.45278337449235984,0.22942924523281108,1.0,2.2085616573734725,2.2085616573734725,True
15,64,64,64,0.05,trained,30.0,4,False,1.0,1.0130968633067024e-16,0.0,1.0130968633067024e-16,61.351659938363284,64,1.0431665592144916,9,0.4879550150266336,0.27194009240912964,1.0,2.04936924348532,2.04936924348532,True
15,64,64,64,0.05,trained,30.0,4,False,1.0,1.0130968633067024e-16,0.0,1.0130968633067024e-16,61.351659938363284,64,1.0431665592144916,10,0.49060287938437674,0.275346713796014,1.0,2.0383084609181874,2.0383084609181874,True
15,64,64,64,0.05,trained,30.0,4,False,1.0,1.0130968633067024e-16,0.0,1.0130968633067024e-16,61.351659938363284,64,1.0431665592144916,11,0.4864645141455318,0.2700356550642683,1.0000000000000002,2.0556483996710138,2.0556483996710138,True
15,64,64,64,0.05,trained,30.0,4,False,1.0,1.0130968633067024e-16,0.0,1.0130968633067024e-16,61.351659938363284,64,1.0431665592144916,12,0.4810149858895028,0.2631526167808943,1.0000000000000002,2.07893730826448,2.07893730826448,True
15,64,64,64,0.05,trained,30.0,4,False,1.0,1.0130968633067024e-16,0.0,1.0130968633067024e-16,61.351659938363284,64,1.0431665592144916,13,0.4543062425322028,0.23116836669242372,1.0,2.2011583957689433,2.2011583957689433,True
15,64,64,64,0.05,trained,30.0,4,False,1.0,1.0130968633067024e-16,0.0,1.0130968633067024e-16,61.351659938363284,64,1.0431665592144916,14,0.4860439688743321,0.2695000251406789,1.0,2.0574270313773866,2.0574270313773866,True
15,64,64,64,0.05,trained,30.0,4,False,1.0,1.0130968633067024e-16,0.0,1.0130968633067024e-16,61.351659938363284,64,1.0431665592144916,15,0.4869850157623585,0.2706996345946975,1.0,2.0534512718723676,2.0534512718723676,True
15,64,64,64,0.05,trained,30.0,4,False,1.0,1.0130968633067024e-16,0.0,1.0130968633067024e-16,61.351659938363284,64,1.0431665592144916,16,0.48994367514377973,0.2744958011414318,1.0,2.0410509426548638,2.0410509426548638,True
15,64,64,64,0.05,trained,30.0,4,False,1.0,1.0130968633067024e-16,0.0,1.0130968633067024e-16,61.351659938363284,64,1.0431665592144916,17,0.4871336345157116,0.27088943190048487,1.0,2.0528247879951036,2.0528247879951036,True
15,64,64,64,0.05,trained,30.0,4,False,1.0,1.0130968633067024e-16,0.0,1.0130968633067024e-16,61.351659938363284,64,1.0431665592144916,18,0.48240065352988953,0.2648909615636912,1.0000000000000002,2.0729656825351706,2.0729656825351706,True
15,64,64,64,0.05,trained,30.0,4,False,1.0,1.0130968633067024e-16,0.0,1.0130968633067024e-16,61.351659938363284,64,1.0431665592144916,19,0.48120049285246075,0.2633848737298708,1.0000000000000002,2.0781358599036315,2.0781358599036315,True
15,64,64,64,0.05,trained,30.0,4,False,1.0,1.0130968633067024e-16,0.0,1.0130968633067024e-16,61.351659938363284,64,1.0431665592144916,20,0.4932469045387159,0.278778505551392,0.9999999999999999,2.0273822112177253,2.0273822112177253,True
15,64,64,64,0.05,trained,30.0,4,False,1.0,1.0130968633067024e-16,0.0,1.0130968633067024e-16,61.351659938363284,64,1.0431665592144916,21,0.497439426940236,0.2842825021773989,1.0000000000000002,2.0102950145126774,2.0102950145126774,True
15,64,64,64,0.05,trained,30.0,4,False,1.0,1.0130968633067024e-16,0.0,1.0130968633067024e-16,61.351659938363284,64,1.0431665592144916,22,0.4938430939193524,0.27955650964965983,1.0,2.024934665104998,2.024934665104998,True
15,64,64,64,0.05,trained,30.0,4,False,1.0,1.0130968633067024e-16,0.0,1.0130968633067024e-16,61.351659938363284,64,1.0431665592144916,23,0.47683031631926126,0.25795131161230905,1.0,2.0971820913552213,2.0971820913552213,True
15,64,64,64,0.05,trained,30.0,4,False,1.0,1.0130968633067024e-16,0.0,1.0130968633067024e-16,61.351659938363284,64,1.0431665592144916,24,0.455565758461935,0.23261344995070432,1.0,2.1950727890001316,2.1950727890001316,True
16,128,8,8,0.05,random,30.0,4,True,16.0,0.9681642078427356,0.34367169831173533,0.6244925095310003,7.652737913417717,128,16.726039941283595,0,0.3972809470741682,0.17177593889173862,3.9885970988908306,0.6310766238166143,0.6310766238166143,True
16,128,8,8,0.05,random,30.0,4,True,16.0,0.9681642078427356,0.34367169831173533,0.6244925095310003,7.652737913417717,128,16.726039941283595,1,0.39236891966185045,0.16718080164741494,4.27021588038923,0.5968367680973206,0.5968367680973206,True
16,128,8,8,0.05,random,30.0,4,True,16.0,0.9681642078427356,0.34367169831173533,0.6244925095310003,7.652737913417717,128,16.726039941283595,2,0.3236375690060155,0.11064252546760407,3.904656098742148,0.7913311836437212,0.7913311836437212,True
16,128,8,8,0.05,random,30.0,4,True,16.0,0.9681642078427356,0.34367169831173533,0.6244925095310003,7.652737913417717,128,16.726039941283595,3,0.3453517442808342,0.12700170298501742,4.112962162213528,0.7040177874004204,0.7040177874004204,True
16,128,8,8,0.05,random,30.0,4,True,16.0,0.9681642078427356,0.34367169831173533,0.6244925095310003,7.652737913417717,128,16.726039941283595,4,0.2750449150420672,0.07866417235482435,3.9807580687784716,0.9133360411814508,0.9133360411814508,True
16,128,8,8,0.05,random,30.0,4,True,16.0,0.9681642078427356,0.34367169831173533,0.6244925095310003,7.652737913417717,128,16.726039941283595,5,0.27676328454396054,0.07969051167935212,4.058379919031108,0.8903050228425864,0.8903050228425864,True
16,128,8,8,0.05,random,30.0,4,True,16.0,0.9681642078427356,0.34367169831173533,0.6244925095310003,7.652737913417717,128,16.726039941283595,6,0.4317796434550948,0.20632780740232737,4.107350914851479,0.5638661552894398,0.5638661552894398,True
16,128,8,8,0.05,random,30.0,4,True,16.0,0.9681642078427356,0.34367169831173533,0.6244925095310003,7.652737913417717,128,16.726039941283595,7,0.47108657232875223,0.2509292207194482,4.131967132431104,0.5137388583372345,0.5137388583372345,True
16,128,8,8,0.05,random,30.0,4,True,16.0,0.9681642078427356,0.34367169831173533,0.6244925095310003,7.652737913417717,128,16.726039941283595,8,0.4978361361017581,0.2848072997848816,4.025125230468993,0.49903865391768204,0.49903865391768204,True
16,128,8,8,0.05,random,30.0,4,True,16.0,0.9681642078427356,0.34367169831173533,0.6244925095310003,7.652737913417717,128,16.726039941283595,9,0.3408663855310696,0.12351305026242533,4.296503595416406,0.6828112138792075,0.6828112138792075,True
16,128,8,8,0.05,random,30.0,4,True,16.0,0.9681642078427356,0.34367169831173533,0.6244925095310003,7.652737913417717,128,16.726039941283595,10,0.33721125987781025,0.12071268590587914,4.004873153027684,0.7404728971129653,0.7404728971129653,True
16,128,8,8,0.05,random,30.0,4,True,16.0,0.9681642078427356,0.34367169831173533,0.6244925095310003,7.652737913417717,128,16.726039941283595,11,0.2718252375452785,0.07676113766602932,4.249775447470242,0.8656538016957248,0.8656538016957248,True
16,128,8,8,0.05,random,30.0,4,True,16.0,0.9681642078427356,0.34367169831173533,0.6244925095310003,7.652737913417717,128,16.726039941283595,12,0.15491519545502544,0.024291378822846845,3.9319419584613184,1.641719219035584,1.641719219035584,True
16,128,8,8,0.05,random,30.0,4,True,16.0,0.9681642078427356,0.34367169831173533,0.6244925095310003,7.652737913417717,128,16.726039941283595,13,0.30945973872142624,0.10066636144766797,4.115613872966838,0.7851655261322309,0.7851655261322309,True
16,128,8,8,0.05,random,30.0,4,True,16.0,0.9681642078427356,0.34367169831173533,0.6244925095310003,7.652737913417717,128,16.726039941283595,14,0.48308755649063473,0.2657556722020013,3.966336434760402,0.5218967587345128,0.5218967587345128,True
16,128,8,8,0.05,random,30.0,4,True,16.0,0.9681642078427356,0.34367169831173533,0.6244925095310003,7.652737913417717,128,16.726039941283595,15,0.447622280547777,0.22360078838463976,4.101095180362194,0.5447389830483272,0.5447389830483272,True
16,128,8,8,0.05,random,30.0,4,True,16.0,0.9681642078427356,0.34367169831173533,0.6244925095310003,7.652737913417717,128,16.726039941283595,16,0.308321241792123,0.09988883281069517,3.9673331728024914,0.8175190470198668,0.8175190470198668,True
16,128,8,8,0.05,random,30.0,4,True,16.0,0.9681642078427356,0.34367169831173533,0.6244925095310003,7.652737913417717,128,16.726039941283595,17,0.40635267642582146,0.18047026865192736,4.03784709240591,0.6094625250379972,0.6094625250379972,True
16,128,8,8,0.05,random,30.0,4,True,16.0,0.9681642078427356,0.34367169831173533,0.6244925095310003,7.652737913417717,128,16.726039941283595,18,0.47626701454907877,0.25725668030289456,4.14936980775764,0.5060196167997315,0.5060196167997315,True
16,128,8,8,0.05,random,30.0,4,True,16.0,0.9681642078427356,0.34367169831173533,0.6244925095310003,7.652737913417717,128,16.726039941283595,19,0.3010031180946443,0.09497340133352909,3.9673331728024914,0.8373949391667885,0.8373949391667885,True
16,128,8,8,0.05,random,30.0,4,True,16.0,0.9681642078427356,0.34367169831173533,0.6244925095310003,7.652737913417717,128,16.726039941283595,20,0.33596834271818576,0.11976907474946996,3.900790442656507,0.763043018429755,0.763043018429755,True
16,128,8,8,0.05,random,30.0,4,True,16.0,0.9681642078427356,0.34367169831173533,0.6244925095310003,7.652737913417717,128,16.726039941283595,21,0.417749936996191,0.19178419853750064,4.090852056881339,0.5851535351718693,0.5851535351718693,True
16,128,8,8,0.05,random,30.0,4,True,16.0,0.9681642078427356,0.34367169831173533,0.6244925095310003,7.652737913417717,128,16.726039941283595,22,0.3361590855924194,0.11991360087906675,3.816454832323049,0.7794621290571286,0.7794621290571286,True
16,128,8,8,0.05,random,30.0,4,True,16.0,0.9681642078427356,0.34367169831173533,0.6244925095310003,7.652737913417717,128,16.726039941283595,23,0.31003339190738577,0.10105944973670423,3.904656098742148,0.826054571017341,0.826054571017341,True
16,128,8,8,0.05,random,30.0,4,True,16.0,0.9681642078427356,0.34367169831173533,0.6244925095310003,7.652737913417717,128,16.726039941283595,24,0.3890611689301267,0.16413033672822824,3.9355293333418646,0.65309891003973,0.65309891003973,True
17,128,8,8,0.05,trained,30.0,4,True,16.0,0.9325068045989306,0.34367169831173533,0.5888351062871953,7.715442850263272,128,16.59010409177385,0,0.3533387778192966,0.13335802697988217,4.305580730514742,0.6573201727936901,0.6573201727936901,True
17,128,8,8,0.05,trained,30.0,4,True,16.0,0.9325068045989306,0.34367169831173533,0.5888351062871953,7.715442850263272,128,16.59010409177385,1,0.37801738633333365,0.15419734934826249,3.9033049554531565,0.677728489019598,0.677728489019598,True
17,128,8,8,0.05,trained,30.0,4,True,16.0,0.9325068045989306,0.34367169831173533,0.5888351062871953,7.715442850263272,128,16.59010409177385,2,0.3459971586614431,0.1275084627095932,4.1140153266293105,0.7025246420166538,0.7025246420166538,True
17,128,8,8,0.05,trained,30.0,4,True,16.0,0.9325068045989306,0.34367169831173533,0.5888351062871953,7.715442850263272,128,16.59010409177385,3,0.36290101517383405,0.1412147159762159,4.178471950591622,0.6594689096314638,0.6594689096314638,True
17,128,8,8,0.05,trained,30.0,4,True,16.0,0.9325068045989306,0.34367169831173533,0.5888351062871953,7.715442850263272,128,16.59010409177385,4,0.37983164277022397,0.15580280015122175,4.10622896072484,0.6411589314972252,0.6411589314972252,True
17,128,8,8,0.05,trained,30.0,4,True,16.0,0.9325068045989306,0.34367169831173533,0.5888351062871953,7.715442850263272,128,16.59010409177385,5,0.27861535532865894,0.080805057431942,3.93277082734336,0.9126333023172584,0.9126333023172584,True
17,128,8,8,0.05,trained,30.0,4,True,16.0,0.9325068045989306,0.34367169831173533,0.5888351062871953,7.715442850263272,128,16.59010409177385,6,0.26644198137267733,0.07363720699096814,4.195005569084352,0.8946739735141188,0.8946739735141188,True
17,128,8,8,0.05,trained,30.0,4,True,16.0,0.9325068045989306,0.34367169831173533,0.5888351062871953,7.715442850263272,128,16.59010409177385,7,0.40074129146441695,0.1750602829898413,3.9364490385779436,0.6339153572549193,0.6339153572549193,True
17,128,8,8,0.05,trained,30.0,4,True,16.0,0.9325068045989306,0.34367169831173533,0.5888351062871953,7.715442850263272,128,16.59010409177385,8,0.28756522726429024,0.08631390384229008,4.292317965650689,0.8101617674798733,0.8101617674798733,True
17,128,8,8,0.05,trained,30.0,4,True,16.0,0.9325068045989306,0.34367169831173533,0.5888351062871953,7.715442850263272,128,16.59010409177385,9,0.5154482451087747,0.3088197655564188,3.6903566282748868,0.5257104344977575,0.5257104344977575,True
17,128,8,8,0.05,trained,30.0,4,True,16.0,0.9325068045989306,0.34367169831173533,0.5888351062871953,7.715442850263272,128,16.59010409177385,10,0.3004466472719969,0.09460543483808807,4.11070298129109,0.8096858320072515,0.8096858320072515,True
17,128,8,8,0.05,trained,30.0,4,True,16.0,0.9325068045989306,0.34367169831173533,0.5888351062871953,7.715442850263272,128,16.59010409177385,11,0.45865984632276524,0.23618934714840617,4.045954060657959,0.5388753668115807,0.5388753668115807,True
17,128,8,8,0.05,trained,30.0,4,True,16.0,0.9325068045989306,0.34367169831173533,0.5888351062871953,7.715442850263272,128,16.59010409177385,12,0.3957124911284202,0.170300155022259,4.1776392289574735,0.6049079717646165,0.6049079717646165,True
17,128,8,8,0.05,trained,30.0,4,True,16.0,0.9325068045989306,0.34367169831173533,0.5888351062871953,7.715442850263272,128,16.59010409177385,13,0.415323512954576,0.18933846228985723,4.143172317143123,0.5811396198570917,0.5811396198570917,True
17,128,8,8,0.05,trained,30.0,4,True,16.0,0.9325068045989306,0.34367169831173533,0.5888351062871953,7.715442850263272,128,16.59010409177385,14,0.44779395860251126,0.22379304889323948,4.011518126566311,0.5566894757608508,0.5566894757608508,True
17,128,8,8,0.05,trained,30.0,4,True,16.0,0.9325068045989306,0.34367169831173533,0.5888351062871953,7.715442850263272,128,16.59010409177385,15,0.33315239488036746,0.11764737784965969,4.0878347254504295,0.734283436611193,0.734283436611193,True
17,128,8,8,0.05,trained,30.0,4,True,16.0,0.9325068045989306,0.34367169831173533,0.5888351062871953,7.715442850263272,128,16.59010409177385,16,0.23722555230858736,0.05792148890922185,4.10622896072484,1.0265860817160248,1.0265860817160248,True
17,128,8,8,0.05,trained,30.0,4,True,16.0,0.9325068045989306,0.34367169831173533,0.5888351062871953,7.715442850263272,128,16.59010409177385,17,0.4730796079412394,0.25335061977656737,4.04006310239509,0.5232119123111517,0.5232119123111517,True
17,128,8,8,0.05,trained,30.0,4,True,16.0,0.9325068045989306,0.34367169831173533,0.5888351062871953,7.715442850263272,128,16.59010409177385,18,0.2715644618184149,0.07660814088928938,4.060226886049717,0.9069362518518406,0.9069362518518406,True
17,128,8,8,0.05,trained,30.0,4,True,16.0,0.9325068045989306,0.34367169831173533,0.5888351062871953,7.715442850263272,128,16.59010409177385,19,0.26177502911438105,0.07098717937027604,3.741691642148243,1.020948392314371,1.020948392314371,True
17,128,8,8,0.05,trained,30.0,4,True,16.0,0.9325068045989306,0.34367169831173533,0.5888351062871953,7.715442850263272,128,16.59010409177385,20,0.2695279446627354,0.075419168423477,4.23976321115888,0.875093782802842,0.875093782802842,True
17,128,8,8,0.05,trained,30.0,4,True,16.0,0.9325068045989306,0.34367169831173533,0.5888351062871953,7.715442850263272,128,16.59010409177385,21,0.2954059446365521,0.09130933321444289,4.129952848841123,0.8196636505739492,0.8196636505739492,True
17,128,8,8,0.05,trained,30.0,4,True,16.0,0.9325068045989306,0.34367169831173533,0.5888351062871953,7.715442850263272,128,16.59010409177385,22,0.3685449042870206,0.14598038532419663,4.178471950591622,0.6493698162611337,0.6493698162611337,True
17,128,8,8,0.05,trained,30.0,4,True,16.0,0.9325068045989306,0.34367169831173533,0.5888351062871953,7.715442850263272,128,16.59010409177385,23,0.44663950900895943,0.22250232070621168,4.189263706429999,0.5344476395740725,0.5344476395740725,True
17,128,8,8,0.05,trained,30.0,4,True,16.0,0.9325068045989306,0.34367169831173533,0.5888351062871953,7.715442850263272,128,16.59010409177385,24,0.15112626463561998,0.023104001660455807,4.252948967987075,1.5558577243805098,1.5558577243805098,True
18,128,16,16,0.05,random,30.0,4,True,8.0,0.813089531279955,0.23477246481693817,0.5783170664630168,13.95024331718562,128,9.175467200798849,0,0.5043169975909699,0.2934796916264378,3.0488288107909693,0.6503742742541588,0.6503742742541588,True
18,128,16,16,0.05,random,30.0,4,True,8.0,0.813089531279955,0.23477246481693817,0.5783170664630168,13.95024331718562,128,9.175467200798849,1,0.4092743317486556,0.18332863808409777,3.061713432283464,0.7980331871957002,0.7980331871957002,True
18,128,16,16,0.05,random,30.0,4,True,8.0,0.813089531279955,0.23477246481693817,0.5783170664630168,13.95024331718562,128,9.175467200798849,2,0.4217864563079171,0.19589787705472814,3.241877905262577,0.7313254973231559,0.7313254973231559,True
18,128,16,16,0.05,random,30.0,4,True,8.0,0.813089531279955,0.23477246481693817,0.5783170664630168,13.95024331718562,128,9.175467200798849,3,0.3721099228462922,0.1490405194270442,2.9093228635383857,0.9237125171945276,0.9237125171945276,True
18,128,16,16,0.05,random,30.0,4,True,8.0,0.813089531279955,0.23477246481693817,0.5783170664630168,13.95024331718562,128,9.175467200798849,4,0.43094393353798643,0.2054419947382324,2.956451695629337,0.7848893584026577,0.7848893584026577,True
18,128,16,16,0.05,random,30.0,4,True,8.0,0.813089531279955,0.23477246481693817,0.5783170664630168,13.95024331718562,128,9.175467200798849,5,0.3934688244581099,0.1682029539668277,3.3725295824129016,0.7535878788535725,0.7535878788535725,True
18,128,16,16,0.05,random,30.0,4,True,8.0,0.813089531279955,0.23477246481693817,0.5783170664630168,13.95024331718562,128,9.175467200798849,6,0.45558200162105283,0.23263212604696562,3.0198952722630326,0.7268445852456672,0.7268445852456672,True
18,128,16,16,0.05,random,30.0,4,True,8.0,0.813089531279955,0.23477246481693817,0.5783170664630168,13.95024331718562,128,9.175467200798849,7,0.43095062980025367,0.20544908252200483,3.126712208434545,0.7421378314645847,0.7421378314645847,True
18,128,16,16,0.05,random,30.0,4,True,8.0,0.813089531279955,0.23477246481693817,0.5783170664630168,13.95024331718562,128,9.175467200798849,8,0.3461383314641773,0.12761946769439708,3.0459005045848095,0.9484940072611652,0.9484940072611652,True
18,128,16,16,0.05,random,30.0,4,True,8.0,0.813089531279955,0.23477246481693817,0.5783170664630168,13.95024331718562,128,9.175467200798849,9,0.406335325903524,0.18045337941704936,3.213749042410566,0.7657790117819785,0.7657790117819785,True
18,128,16,16,0.05,random,30.0,4,True,8.0,0.813089531279955,0.23477246481693817,0.5783170664630168,13.95024331718562,128,9.175467200798849,10,0.41454800539252884,0.1885610404802191,2.8923085936769826,0.8340278293573924,0.8340278293573924,True
18,128,16,16,0.05,random,30.0,4,True,8.0,0.813089531279955,0.23477246481693817,0.5783170664630168,13.95024331718562,128,9.175467200798849,11,0.41375085658603433,0.18776406600587048,3.16073658498706,0.7646677792608592,0.7646677792608592,True
18,128,16,16,0.05,random,30.0,4,True,8.0,0.813089531279955,0.23477246481693817,0.5783170664630168,13.95024331718562,128,9.175467200798849,12,0.4562423416864702,0.2333922330333583,2.761487971188549,0.7937089117171272,0.7937089117171272,True
18,128,16,16,0.05,random,30.0,4,True,8.0,0.813089531279955,0.23477246481693817,0.5783170664630168,13.95024331718562,128,9.175467200798849,13,0.35380027821602666,0.13373099753367176,3.0782884194184357,0.9181899214485996,0.9181899214485996,True
18,128,16,16,0.05,random,30.0,4,True,8.0,0.813089531279955,0.23477246481693817,0.5783170664630168,13.95024331718562,128,9.175467200798849,14,0.41121493827446354,0.18524309087370477,3.0530621876754043,0.7965177651214321,0.7965177651214321,True
18,128,16,16,0.05,random,30.0,4,True,8.0,0.813089531279955,0.23477246481693817,0.5783170664630168,13.95024331718562,128,9.175467200798849,15,0.41977700786894234,0.19384295756993322,2.8447950289835346,0.8373950164891583,0.8373950164891583,True
18,128,16,16,0.05,random,30.0,4,True,8.0,0.813089531279955,0.23477246481693817,0.5783170664630168,13.95024331718562,128,9.175467200798849,16,0.38322295496113656,0.15883142284349175,3.283949957887851,0.7946062087284996,0.7946062087284996,True
18,128,16,16,0.05,random,30.0,4,True,8.0,0.813089531279955,0.23477246481693817,0.5783170664630168,13.95024331718562,128,9.175467200798849,17,0.43643750471703274,0.21131095284518406,2.8761428951251893,0.7966498462613587,0.7966498462613587,True
18,128,16,16,0.05,random,30.0,4,True,8.0,0.813089531279955,0.23477246481693817,0.5783170664630168,13.95024331718562,128,9.175467200798849,18,0.4267601413349363,0.20104480994028673,2.998406064472112,0.7814940973284852,0.7814940973284852,True
18,128,16,16,0.05,random,30.0,4,True,8.0,0.813089531279955,0.23477246481693817,0.5783170664630168,13.95024331718562,128,9.175467200798849,19,0.42656233771714713,0.20083845481584156,3.1505793015437016,0.7440927562292426,0.7440927562292426,True
18,128,16,16,0.05,random,30.0,4,True,8.0,0.813089531279955,0.23477246481693817,0.5783170664630168,13.95024331718562,128,9.175467200798849,20,0.46742854197318956,0.24652661910461346,3.0047265314584988,0.7119997163115469,0.7119997163115469,True
18,128,16,16,0.05,random,30.0,4,True,8.0,0.813089531279955,0.23477246481693817,0.5783170664630168,13.95024331718562,128,9.175467200798849,21,0.4519926823379336,0.228529762047608,2.8709103408178858,0.7706354208184425,0.7706354208184425,True
18,128,16,16,0.05,random,30.0,4,True,8.0,0.813089531279955,0.23477246481693817,0.5783170664630168,13.95024331718562,128,9.175467200798849,22,0.48293692547191314,0.26556588035394085,3.0170822426325907,0.6863133366305045,0.6863133366305045,True
18,128,16,16,0.05,random,30.0,4,True,8.0,0.813089531279955,0.23477246481693817,0.5783170664630168,13.95024331718562,128,9.175467200798849,23,0.4480370492986003,0.2240654730837636,3.0850135384158426,0.7234841104915081,0.7234841104915081,True
18,128,16,16,0.05,random,30.0,4,True,8.0,0.813089531279955,0.23477246481693817,0.5783170664630168,13.95024331718562,128,9.175467200798849,24,0.3932768592870381,0.1680242773896724,2.97812271261247,0.8538056380389036,0.8538056380389036,True
19,128,16,16,0.05,trained,30.0,4,True,8.0,0.8098097280235799,0.23477246481693817,0.5750372632066417,15.136451361202756,128,8.456407446205343,0,0.43320122783707793,0.2078403742710552,2.8302644305764697,0.8156114381708871,0.8156114381708871,True
19,128,16,16,0.05,trained,30.0,4,True,8.0,0.8098097280235799,0.23477246481693817,0.5750372632066417,15.136451361202756,128,8.456407446205343,1,0.4437571867608717,0.21930149248609068,2.9115265757091517,0.7739873127766376,0.7739873127766376,True
19,128,16,16,0.05,trained,30.0,4,True,8.0,0.8098097280235799,0.23477246481693817,0.5750372632066417,15.136451361202756,128,8.456407446205343,2,0.3155823473151267,0.10490752709144668,3.14011771392185,1.0091166433121437,1.0091166433121437,True
19,128,16,16,0.05,trained,30.0,4,True,8.0,0.8098097280235799,0.23477246481693817,0.5750372632066417,15.136451361202756,128,8.456407446205343,3,0.40917192884856873,0.1832279682899574,3.1138384898808993,0.7848706444435981,0.7848706444435981,True
19,128,16,16,0.05,trained,30.0,4,True,8.0,0.8098097280235799,0.23477246481693817,0.5750372632066417,15.136451361202756,128,8.456407446205343,4,0.4660698115643089,0.24490495906463264,2.9250499688938656,0.7335263795781959,0.7335263795781959,True
19,128,16,16,0.05,trained,30.0,4,True,8.0,0.8098097280235799,0.23477246481693817,0.5750372632066417,15.136451361202756,128,8.456407446205343,5,0.41592723608388893,0.18994510116378224,3.1809662016776867,0.7558290593288381,0.7558290593288381,True
19,128,16,16,0.05,trained,30.0,4,True,8.0,0.8098097280235799,0.23477246481693817,0.5750372632066417,15.136451361202756,128,8.456407446205343,6,0.4667665480728141,0.2457356037014693,2.8637456662757,0.7481106395442303,0.7481106395442303,True
19,128,16,16,0.05,trained,30.0,4,True,8.0,0.8098097280235799,0.23477246481693817,0.5750372632066417,15.136451361202756,128,8.456407446205343,7,0.47228317613353166,0.25238108068508486,2.841477031050432,0.7451665902882739,0.7451665902882739,True
19,128,16,16,0.05,trained,30.0,4,True,8.0,0.8098097280235799,0.23477246481693817,0.5750372632066417,15.136451361202756,128,8.456407446205343,8,0.4105682127233272,0.1846036675876308,3.012617700095551,0.8084825571118317,0.8084825571118317,True
19,128,16,16,0.05,trained,30.0,4,True,8.0,0.8098097280235799,0.23477246481693817,0.5750372632066417,15.136451361202756,128,8.456407446205343,9,0.47483226111554766,0.2554933027361259,2.6610071281669887,0.7914322510710381,0.7914322510710381,True
19,128,16,16,0.05,trained,30.0,4,True,8.0,0.8098097280235799,0.23477246481693817,0.5750372632066417,15.136451361202756,128,8.456407446205343,10,0.42420219377654883,0.19838691785228715,2.8548263245598937,0.8257477463535535,0.8257477463535535,True
19,128,16,16,0.05,trained,30.0,4,True,8.0,0.8098097280235799,0.23477246481693817,0.5750372632066417,15.136451361202756,128,8.456407446205343,11,0.4994785019594074,0.28698734572310725,2.7400269430970203,0.7306819282049398,0.7306819282049398,True
19,128,16,16,0.05,trained,30.0,4,True,8.0,0.8098097280235799,0.23477246481693817,0.5750372632066417,15.136451361202756,128,8.456407446205343,12,0.425828939638004,0.2000745558737255,2.8104136789966825,0.8355925828844496,0.8355925828844496,True
19,128,16,16,0.05,trained,30.0,4,True,8.0,0.8098097280235799,0.23477246481693817,0.5750372632066417,15.136451361202756,128,8.456407446205343,13,0.3641100671379277,0.1422275416082142,3.152907373856958,0.8710761060364702,0.8710761060364702,True
19,128,16,16,0.05,trained,30.0,4,True,8.0,0.8098097280235799,0.23477246481693817,0.5750372632066417,15.136451361202756,128,8.456407446205343,14,0.4378225906681494,0.2128079245230084,2.8031704785933065,0.8148024436243981,0.8148024436243981,True
19,128,16,16,0.05,trained,30.0,4,True,8.0,0.8098097280235799,0.23477246481693817,0.5750372632066417,15.136451361202756,128,8.456407446205343,15,0.40049732145739153,0.17482743340903317,3.0467661261467516,0.8195232246986451,0.8195232246986451,True
19,128,16,16,0.05,trained,30.0,4,True,8.0,0.8098097280235799,0.23477246481693817,0.5750372632066417,15.136451361202756,128,8.456407446205343,16,0.46777692848238595,0.24694360759016204,2.790938001285065,0.7659686819437169,0.7659686819437169,True
19,128,16,16,0.05,trained,30.0,4,True,8.0,0.8098097280235799,0.23477246481693817,0.5750372632066417,15.136451361202756,128,8.456407446205343,17,0.48990468755702066,0.27444553375310926,3.012617700095551,0.6775547303836635,0.6775547303836635,True
19,128,16,16,0.05,trained,30.0,4,True,8.0,0.8098097280235799,0.23477246481693817,0.5750372632066417,15.136451361202756,128,8.456407446205343,18,0.37332663646602177,0.15009382707121824,2.8342968187630206,0.9450737339912583,0.9450737339912583,True
19,128,16,16,0.05,trained,30.0,4,True,8.0,0.8098097280235799,0.23477246481693817,0.5750372632066417,15.136451361202756,128,8.456407446205343,19,0.42614509857265925,0.20040363061742128,2.7607183369090356,0.8500028903146113,0.8500028903146113,True
19,128,16,16,0.05,trained,30.0,4,True,8.0,0.8098097280235799,0.23477246481693817,0.5750372632066417,15.136451361202756,128,8.456407446205343,20,0.3982736731053834,0.17271415842513715,3.045656996297541,0.8243989108687694,0.8243989108687694,True
19,128,16,16,0.05,trained,30.0,4,True,8.0,0.8098097280235799,0.23477246481693817,0.5750372632066417,15.136451361202756,128,8.456407446205343,21,0.49181103002406745,0.2769110741522523,2.8599349918248254,0.7109606659537655,0.7109606659537655,True
19,128,16,16,0.05,trained,30.0,4,True,8.0,0.8098097280235799,0.23477246481693817,0.5750372632066417,15.136451361202756,128,8.456407446205343,22,0.3998068243589321,0.1741694716820419,2.9057672328354083,0.8607736720443356,0.8607736720443356,True
19,128,16,16,0.05,trained,30.0,4,True,8.0,0.8098097280235799,0.23477246481693817,0.5750372632066417,15.136451361202756,128,8.456407446205343,23,0.43419252529355506,0.20889941864607117,2.906370989560971,0.7924403979248328,0.7924403979248328,True
19,128,16,16,0.05,trained,30.0,4,True,8.0,0.8098097280235799,0.23477246481693817,0.5750372632066417,15.136451361202756,128,8.456407446205343,24,0.450725082011064,0.22709271344233323,2.9323646552414595,0.7566068996737061,0.7566068996737061,True
20,128,32,32,0.05,random,30.0,4,True,4.0,0.6545408113507702,0.15369465587356798,0.5008461554772022,25.672818981388357,128,4.985817883606559,0,0.458300168560886,0.23577175816388607,2.1259615039191746,1.026347873421395,1.026347873421395,True
20,128,32,32,0.05,random,30.0,4,True,4.0,0.6545408113507702,0.15369465587356798,0.5008461554772022,25.672818981388357,128,4.985817883606559,1,0.3778459142488899,0.1540461426917978,2.3266470969494373,1.1375087722855637,1.1375087722855637,True
20,128,32,32,0.05,random,30.0,4,True,4.0,0.6545408113507702,0.15369465587356798,0.5008461554772022,25.672818981388357,128,4.985817883606559,2,0.4889985378037672,0.27327905563918126,2.3494230623661245,0.8704247109458131,0.8704247109458131,True
20,128,32,32,0.05,random,30.0,4,True,4.0,0.6545408113507702,0.15369465587356798,0.5008461554772022,25.672818981388357,128,4.985817883606559,3,0.43381252108937207,0.208493025601652,2.096291997269585,1.0996288885528813,1.0996288885528813,True
20,128,32,32,0.05,random,30.0,4,True,4.0,0.6545408113507702,0.15369465587356798,0.5008461554772022,25.672818981388357,128,4.985817883606559,4,0.41366372294852366,0.1876770828774737,2.247358167825316,1.075673008275375,1.075673008275375,True
20,128,32,32,0.05,random,30.0,4,True,4.0,0.6545408113507702,0.15369465587356798,0.5008461554772022,25.672818981388357,128,4.985817883606559,5,0.41725959888227737,0.19128832580828065,2.104945168288296,1.1385520153787136,1.1385520153787136,True
20,128,32,32,0.05,random,30.0,4,True,4.0,0.6545408113507702,0.15369465587356798,0.5008461554772022,25.672818981388357,128,4.985817883606559,6,0.40076230211191277,0.1750803451171358,2.1618315868195532,1.1542271329093616,1.1542271329093616,True
20,128,32,32,0.05,random,30.0,4,True,4.0,0.6545408113507702,0.15369465587356798,0.5008461554772022,25.672818981388357,128,4.985817883606559,7,0.4098565766658948,0.1839017006875554,2.1183996635598596,1.1517552297818179,1.1517552297818179,True
20,128,32,32,0.05,random,30.0,4,True,4.0,0.6545408113507702,0.15369465587356798,0.5008461554772022,25.672818981388357,128,4.985817883606559,8,0.4652797819929927,0.24396542416730593,2.104945168288296,1.0210453486901894,1.0210453486901894,True
20,128,32,32,0.05,random,30.0,4,True,4.0,0.6545408113507702,0.15369465587356798,0.5008461554772022,25.672818981388357,128,4.985817883606559,9,0.42892073492070837,0.20330783246374862,2.1763140910846652,1.0712760224503004,1.0712760224503004,True
20,128,32,32,0.05,random,30.0,4,True,4.0,0.6545408113507702,0.15369465587356798,0.5008461554772022,25.672818981388357,128,4.985817883606559,10,0.39472031843293204,0.16937073759523677,2.390916699948377,1.059610057968295,1.059610057968295,True
20,128,32,32,0.05,random,30.0,4,True,4.0,0.6545408113507702,0.15369465587356798,0.5008461554772022,25.672818981388357,128,4.985817883606559,11,0.4044441010158703,0.1786184587485955,2.2574542218234663,1.0952734049444397,1.0952734049444397,True
20,128,32,32,0.05,random,30.0,4,True,4.0,0.6545408113507702,0.15369465587356798,0.5008461554772022,25.672818981388357,128,4.985817883606559,12,0.4235145344255317,0.1976763130550958,2.1716785273102217,1.087266841386109,1.087266841386109,True
20,128,32,32,0.05,random,30.0,4,True,4.0,0.6545408113507702,0.15369465587356798,0.5008461554772022,25.672818981388357,128,4.985817883606559,13,0.43097024264108263,0.20546984302217466,2.1522736434902714,1.0780905228135598,1.0780905228135598,True
20,128,32,32,0.05,random,30.0,4,True,4.0,0.6545408113507702,0.15369465587356798,0.5008461554772022,25.672818981388357,128,4.985817883606559,14,0.3944193683241779,0.1690894542067912,2.1716785273102217,1.1674713442253881,1.1674713442253881,True
20,128,32,32,0.05,random,30.0,4,True,4.0,0.6545408113507702,0.15369465587356798,0.5008461554772022,25.672818981388357,128,4.985817883606559,15,0.4680710385060257,0.2472960092085393,2.152601250710954,0.9924865759860283,0.9924865759860283,True
20,128,32,32,0.05,random,30.0,4,True,4.0,0.6545408113507702,0.15369465587356798,0.5008461554772022,25.672818981388357,128,4.985817883606559,16,0.449646725894643,0.22587500096336155,2.2303387509063293,0.9971436650390204,0.9971436650390204,True
20,128,32,32,0.05,random,30.0,4,True,4.0,0.6545408113507702,0.15369465587356798,0.5008461554772022,25.672818981388357,128,4.985817883606559,17,0.5154823461543095,0.30886764248017506,2.052024228604514,0.9453741420063365,0.9453741420063365,True
20,128,32,32,0.05,random,30.0,4,True,4.0,0.6545408113507702,0.15369465587356798,0.5008461554772022,25.672818981388357,128,4.985817883606559,18,0.4500176553406902,0.22629336943491044,2.3722049379329384,0.9367382232630689,0.9367382232630689,True
20,128,32,32,0.05,random,30.0,4,True,4.0,0.6545408113507702,0.15369465587356798,0.5008461554772022,25.672818981388357,128,4.985817883606559,19,0.38727230998361933,0.16249521457903293,2.337177843392406,1.1048206767883082,1.1048206767883082,True
20,128,32,32,0.05,random,30.0,4,True,4.0,0.6545408113507702,0.15369465587356798,0.5008461554772022,25.672818981388357,128,4.985817883606559,20,0.4479068052693733,0.22391948503120035,2.0176200749237596,1.1065548567265386,1.1065548567265386,True
20,128,32,32,0.05,random,30.0,4,True,4.0,0.6545408113507702,0.15369465587356798,0.5008461554772022,25.672818981388357,128,4.985817883606559,21,0.4394747957406953,0.21460274814511038,2.2539430639830655,1.009538964420438,1.009538964420438,True
20,128,32,32,0.05,random,30.0,4,True,4.0,0.6545408113507702,0.15369465587356798,0.5008461554772022,25.672818981388357,128,4.985817883606559,22,0.4524808229054342,0.22908478441036592,2.103099277134717,1.0508483539237516,1.0508483539237516,True
20,128,32,32,0.05,random,30.0,4,True,4.0,0.6545408113507702,0.15369465587356798,0.5008461554772022,25.672818981388357,128,4.985817883606559,23,0.39281681487627484,0.1675965636550219,2.058116528004042,1.2369153234497023,1.2369153234497023,True
20,128,32,32,0.05,random,30.0,4,True,4.0,0.6545408113507702,0.15369465587356798,0.5008461554772022,25.672818981388357,128,4.985817883606559,24,0.4444902585946103,0.22011263666197653,2.215754209480918,1.0153509266253717,1.0153509266253717,True
21,128,32,32,0.05,trained,30.0,4,True,4.0,0.599866736608947,0.15369465587356798,0.44617208073537895,31.22266285080955,128,4.09958627204922,0,0.4859026880792385,0.26932025030673534,1.9754856522005906,1.041781926091524,1.041781926091524,True
21,128,32,32,0.05,trained,30.0,4,True,4.0,0.599866736608947,0.15369465587356798,0.44617208073537895,31.22266285080955,128,4.09958627204922,1,0.49892132767469816,0.2862464250983626,1.9684448757635442,1.0182271509737832,1.0182271509737832,True
21,128,32,32,0.05,trained,30.0,4,True,4.0,0.599866736608947,0.15369465587356798,0.44617208073537895,31.22266285080955,128,4.09958627204922,2,0.4965999105651347,0.2831742097138832,1.9794121477569677,1.0173189439633858,1.0173189439633858,True
21,128,32,32,0.05,trained,30.0,4,True,4.0,0.599866736608947,0.15369465587356798,0.44617208073537895,31.22266285080955,128,4.09958627204922,3,0.43731981045946616,0.212263722652636,1.993291810382272,1.1471757723107339,1.1471757723107339,True
21,128,32,32,0.05,trained,30.0,4,True,4.0,0.599866736608947,0.15369465587356798,0.44617208073537895,31.22266285080955,128,4.09958627204922,4,0.46641890928619173,0.24532090970174691,2.0005207690268647,1.0717186453686196,1.0717186453686196,True
21,128,32,32,0.05,trained,30.0,4,True,4.0,0.599866736608947,0.15369465587356798,0.44617208073537895,31.22266285080955,128,4.09958627204922,5,0.47614623596122047,0.2571079127469148,2.020454628844943,1.0394666069482363,1.0394666069482363,True
21,128,32,32,0.05,trained,30.0,4,True,4.0,0.599866736608947,0.15369465587356798,0.44617208073537895,31.22266285080955,128,4.09958627204922,6,0.4503932098650422,0.22671748457785162,2.0390659338610133,1.088872166163704,1.088872166163704,True
21,128,32,32,0.05,trained,30.0,4,True,4.0,0.599866736608947,0.15369465587356798,0.44617208073537895,31.22266285080955,128,4.09958627204922,7,0.4667855860859945,0.2457583278045383,2.0447254305156117,1.047725621955011,1.047725621955011,True
21,128,32,32,0.05,trained,30.0,4,True,4.0,0.599866736608947,0.15369465587356798,0.44617208073537895,31.22266285080955,128,4.09958627204922,8,0.4967695864296888,0.2833979583893537,1.9898677002352874,1.0116278994351273,1.0116278994351273,True
21,128,32,32,0.05,trained,30.0,4,True,4.0,0.599866736608947,0.15369465587356798,0.44617208073537895,31.22266285080955,128,4.09958627204922,9,0.49206201143394546,0.27723684506547974,1.963226557242917,1.0351653873796633,1.0351653873796633,True
21,128,32,32,0.05,trained,30.0,4,True,4.0,0.599866736608947,0.15369465587356798,0.44617208073537895,31.22266285080955,128,4.09958627204922,10,0.4473727913748972,0.22332158523951773,1.996859709847626,1.1193937512725103,1.1193937512725103,True
21,128,32,32,0.05,trained,30.0,4,True,4.0,0.599866736608947,0.15369465587356798,0.44617208073537895,31.22266285080955,128,4.09958627204922,11,0.43245320002584847,0.20704356717793074,2.008183348601148,1.1514829803729494,1.1514829803729494,True
21,128,32,32,0.05,trained,30.0,4,True,4.0,0.599866736608947,0.15369465587356798,0.44617208073537895,31.22266285080955,128,4.09958627204922,12,0.4687321436556854,0.24808940604073368,1.9863250101874754,1.0740511203827736,1.0740511203827736,True
21,128,32,32,0.05,trained,30.0,4,True,4.0,0.599866736608947,0.15369465587356798,0.44617208073537895,31.22266285080955,128,4.09958627204922,13,0.47065989573279077,0.25041292576512375,2.036137333008001,1.0434838668084072,1.0434838668084072,True
21,128,32,32,0.05,trained,30.0,4,True,4.0,0.599866736608947,0.15369465587356798,0.44617208073537895,31.22266285080955,128,4.09958627204922,14,0.4981869034748969,0.2852719003100258,1.9396670700044403,1.0348573790854656,1.0348573790854656,True
21,128,32,32,0.05,trained,30.0,4,True,4.0,0.599866736608947,0.15369465587356798,0.44617208073537895,31.22266285080955,128,4.09958627204922,15,0.44930500406665436,0.22549003550538682,2.0577535748327023,1.0815967650107632,1.0815967650107632,True
21,128,32,32,0.05,trained,30.0,4,True,4.0,0.599866736608947,0.15369465587356798,0.44617208073537895,31.22266285080955,128,4.09958627204922,16,0.48009925198552106,0.2620082071475965,2.01871878496656,1.0317943522960933,1.0317943522960933,True
21,128,32,32,0.05,trained,30.0,4,True,4.0,0.599866736608947,0.15369465587356798,0.44617208073537895,31.22266285080955,128,4.09958627204922,17,0.46341394994120827,0.24175631025972924,1.970091120669689,1.095328992763094,1.095328992763094,True
21,128,32,32,0.05,trained,30.0,4,True,4.0,0.599866736608947,0.15369465587356798,0.44617208073537895,31.22266285080955,128,4.09958627204922,18,0.4520306878700288,0.22857294228901348,1.9867908573578197,1.113473607772007,1.113473607772007,True
21,128,32,32,0.05,trained,30.0,4,True,4.0,0.599866736608947,0.15369465587356798,0.44617208073537895,31.22266285080955,128,4.09958627204922,19,0.4859558202834824,0.2693878492414512,2.0208244912122804,1.018297354135617,1.018297354135617,True
21,128,32,32,0.05,trained,30.0,4,True,4.0,0.599866736608947,0.15369465587356798,0.44617208073537895,31.22266285080955,128,4.09958627204922,20,0.49715172529178214,0.2839023419222904,1.9700256575995463,1.0210315608103437,1.0210315608103437,True
21,128,32,32,0.05,trained,30.0,4,True,4.0,0.599866736608947,0.15369465587356798,0.44617208073537895,31.22266285080955,128,4.09958627204922,21,0.4686863397431608,0.2480343800335847,2.0112926640942934,1.0608217966870706,1.0608217966870706,True
21,128,32,32,0.05,trained,30.0,4,True,4.0,0.599866736608947,0.15369465587356798,0.44617208073537895,31.22266285080955,128,4.09958627204922,22,0.4728491936129019,0.25306985944950167,2.0298150533449517,1.041887621557186,1.041887621557186,True
21,128,32,32,0.05,trained,30.0,4,True,4.0,0.599866736608947,0.15369465587356798,0.44617208073537895,31.22266285080955,128,4.09958627204922,23,0.4676452663640777,0.2467859624736375,2.0234702890223035,1.0567849637891056,1.0567849637891056,True
21,128,32,32,0.05,trained,30.0,4,True,4.0,0.599866736608947,0.15369465587356798,0.44617208073537895,31.22266285080955,128,4.09958627204922,24,0.48100205433824245,0.2631364316727615,1.9396670700044403,1.0718299195915644,1.0718299195915644,True
22,128,64,64,0.05,random,30.0,4,True,2.0,0.47500484000558646,0.08873565094161137,0.3862691890639751,41.581975680879026,128,3.078256814499059,0,0.42664236750784296,0.20092192782721138,1.6815847765995486,1.3938538927594022,1.3938538927594022,True
22,128,64,64,0.05,random,30.0,4,True,2.0,0.47500484000558646,0.08873565094161137,0.3862691890639751,41.581975680879026,128,3.078256814499059,1,0.3612792418914461,0.13986304170042996,1.8011390689496778,1.5367730802720843,1.5367730802720843,True
22,128,64,64,0.05,random,30.0,4,True,2.0,0.47500484000558646,0.08873565094161137,0.3862691890639751,41.581975680879026,128,3.078256814499059,2,0.4220635117500048,0.196182304206065,1.7581883739990993,1.3475869229191408,1.3475869229191408,True
22,128,64,64,0.05,random,30.0,4,True,2.0,0.47500484000558646,0.08873565094161137,0.3862691890639751,41.581975680879026,128,3.078256814499059,3,0.4024369542260183,0.17668407982236062,1.7769795190531934,1.398362356145358,1.398362356145358,True
22,128,64,64,0.05,random,30.0,4,True,2.0,0.47500484000558646,0.08873565094161137,0.3862691890639751,41.581975680879026,128,3.078256814499059,4,0.4520328918940016,0.22857544657428522,1.667597006215804,1.326596527301976,1.326596527301976,True
22,128,64,64,0.05,random,30.0,4,True,2.0,0.47500484000558646,0.08873565094161137,0.3862691890639751,41.581975680879026,128,3.078256814499059,5,0.3439338938154094,0.12589266875028485,1.8091037004264618,1.6071690539892964,1.6071690539892964,True
22,128,64,64,0.05,random,30.0,4,True,2.0,0.47500484000558646,0.08873565094161137,0.3862691890639751,41.581975680879026,128,3.078256814499059,6,0.43710954877335834,0.21203641164033066,1.8359550425570716,1.246084987538771,1.246084987538771,True
22,128,64,64,0.05,random,30.0,4,True,2.0,0.47500484000558646,0.08873565094161137,0.3862691890639751,41.581975680879026,128,3.078256814499059,7,0.3882615277136748,0.16339815578931707,1.705300245282299,1.5103402155363874,1.5103402155363874,True
22,128,64,64,0.05,random,30.0,4,True,2.0,0.47500484000558646,0.08873565094161137,0.3862691890639751,41.581975680879026,128,3.078256814499059,8,0.35873814685667316,0.13776096238326913,1.8011390689496778,1.5476586983142946,1.5476586983142946,True
22,128,64,64,0.05,random,30.0,4,True,2.0,0.47500484000558646,0.08873565094161137,0.3862691890639751,41.581975680879026,128,3.078256814499059,9,0.40202535857002375,0.17628905569219416,1.7117611689103422,1.4531263625847752,1.4531263625847752,True
22,128,64,64,0.05,random,30.0,4,True,2.0,0.47500484000558646,0.08873565094161137,0.3862691890639751,41.581975680879026,128,3.078256814499059,10,0.38912716232712563,0.16419085398581226,1.8124678657325728,1.4178756282666192,1.4178756282666192,True
22,128,64,64,0.05,random,30.0,4,True,2.0,0.47500484000558646,0.08873565094161137,0.3862691890639751,41.581975680879026,128,3.078256814499059,11,0.3932204982389151,0.1679718404957358,1.8431622906614973,1.379749591880029,1.379749591880029,True
22,128,64,64,0.05,random,30.0,4,True,2.0,0.47500484000558646,0.08873565094161137,0.3862691890639751,41.581975680879026,128,3.078256814499059,12,0.42128517739319926,0.1953839403013426,1.6567947809170798,1.4326994795347112,1.4326994795347112,True
22,128,64,64,0.05,random,30.0,4,True,2.0,0.47500484000558646,0.08873565094161137,0.3862691890639751,41.581975680879026,128,3.078256814499059,13,0.3743314644654077,0.150967138845913,1.7461865363202598,1.5298647263670606,1.5298647263670606,True
22,128,64,64,0.05,random,30.0,4,True,2.0,0.47500484000558646,0.08873565094161137,0.3862691890639751,41.581975680879026,128,3.078256814499059,14,0.38487003716614476,0.1603154125645272,1.8074853701715778,1.4375107708468755,1.4375107708468755,True
22,128,64,64,0.05,random,30.0,4,True,2.0,0.47500484000558646,0.08873565094161137,0.3862691890639751,41.581975680879026,128,3.078256814499059,15,0.3732642934575704,0.15003974620454488,1.800594198707617,1.4878793154008092,1.4878793154008092,True
22,128,64,64,0.05,random,30.0,4,True,2.0,0.47500484000558646,0.08873565094161137,0.3862691890639751,41.581975680879026,128,3.078256814499059,16,0.44657397610736527,0.22242920169309321,1.7195003495329342,1.3022798487039073,1.3022798487039073,True
22,128,64,64,0.05,random,30.0,4,True,2.0,0.47500484000558646,0.08873565094161137,0.3862691890639751,41.581975680879026,128,3.078256814499059,17,0.34693583272331713,0.12824763006154496,1.8114643339802532,1.591186387645728,1.591186387645728,True
22,128,64,64,0.05,random,30.0,4,True,2.0,0.47500484000558646,0.08873565094161137,0.3862691890639751,41.581975680879026,128,3.078256814499059,18,0.42199033187710433,0.19610715119674366,1.7408571900403853,1.3612389062836687,1.3612389062836687,True
22,128,64,64,0.05,random,30.0,4,True,2.0,0.47500484000558646,0.08873565094161137,0.3862691890639751,41.581975680879026,128,3.078256814499059,19,0.41153796562470457,0.18556300118375343,1.6551362753455632,1.4681023589119162,1.4681023589119162,True
22,128,64,64,0.05,random,30.0,4,True,2.0,0.47500484000558646,0.08873565094161137,0.3862691890639751,41.581975680879026,128,3.078256814499059,20,0.38098780376565716,0.15683126042990997,1.875016141701623,1.3998577820185452,1.3998577820185452,True
22,128,64,64,0.05,random,30.0,4,True,2.0,0.47500484000558646,0.08873565094161137,0.3862691890639751,41.581975680879026,128,3.078256814499059,21,0.4312773941645969,0.20579514727619058,1.7731207882806377,1.3076905450412604,1.3076905450412604,True
22,128,64,64,0.05,random,30.0,4,True,2.0,0.47500484000558646,0.08873565094161137,0.3862691890639751,41.581975680879026,128,3.078256814499059,22,0.42532311944112794,0.1995488044886216,1.6247087641604663,1.4471231341923037,1.4471231341923037,True
22,128,64,64,0.05,random,30.0,4,True,2.0,0.47500484000558646,0.08873565094161137,0.3862691890639751,41.581975680879026,128,3.078256814499059,23,0.43378078919696583,0.2084591136976354,1.741006251639935,1.3241261267698738,1.3241261267698738,True
22,128,64,64,0.05,random,30.0,4,True,2.0,0.47500484000558646,0.08873565094161137,0.3862691890639751,41.581975680879026,128,3.078256814499059,24,0.3758391561792071,0.1522833409273512,1.7021066429016498,1.5631879873778023,1.5631879873778023,True
23,128,64,64,0.05,trained,30.0,4,True,2.0,0.9999992576712007,0.08873565094161137,0.9112636067295893,61.50329227785198,128,2.0811894007517093,0,0.48161834326187797,0.2639085534042884,1.4142141092751972,1.4681884891396588,1.4681884891396588,True
23,128,64,64,0.05,trained,30.0,4,True,2.0,0.9999992576712007,0.08873565094161137,0.9112636067295893,61.50329227785198,128,2.0811894007517093,1,0.49988279228208593,0.2875258260185375,1.414214076224877,1.4145446396196946,1.4145446396196946,True
23,128,64,64,0.05,trained,30.0,4,True,2.0,0.9999992576712007,0.08873565094161137,0.9112636067295893,61.50329227785198,128,2.0811894007517093,2,0.49951781530473316,0.2870396759083822,1.4142140669127214,1.4155781981178202,1.4155781981178202,True
23,128,64,64,0.05,trained,30.0,4,True,2.0,0.9999992576712007,0.08873565094161137,0.9112636067295893,61.50329227785198,128,2.0811894007517093,3,0.47654211735903707,0.2575957583878807,1.414214432805097,1.4838275993096857,1.4838275993096857,True
23,128,64,64,0.05,trained,30.0,4,True,2.0,0.9999992576712007,0.08873565094161137,0.9112636067295893,61.50329227785198,128,2.0811894007517093,4,0.4909830456104086,0.2758382892083761,1.4142141467180316,1.4401851455687202,1.4401851455687202,True
23,128,64,64,0.05,trained,30.0,4,True,2.0,0.9999992576712007,0.08873565094161137,0.9112636067295893,61.50329227785198,128,2.0811894007517093,5,0.4799317131732396,0.2617992082440534,1.4142142985776647,1.4733479652952464,1.4733479652952464,True
23,128,64,64,0.05,trained,30.0,4,True,2.0,0.9999992576712007,0.08873565094161137,0.9112636067295893,61.50329227785198,128,2.0811894007517093,6,0.4781733609159002,0.2596127453868891,1.4142138902002617,1.4787662280445735,1.4787662280445735,True
23,128,64,64,0.05,trained,30.0,4,True,2.0,0.9999992576712007,0.08873565094161137,0.9112636067295893,61.50329227785198,128,2.0811894007517093,7,0.4923154047043817,0.27756602293366534,1.4142140723784806,1.4362876307080816,1.4362876307080816,True
23,128,64,64,0.05,trained,30.0,4,True,2.0,0.9999992576712007,0.08873565094161137,0.9112636067295893,61.50329227785198,128,2.0811894007517093,8,0.4496304502744828,0.22585665572327823,1.4142141460387887,1.5726392394513287,1.5726392394513287,True
23,128,64,64,0.05,trained,30.0,4,True,2.0,0.9999992576712007,0.08873565094161137,0.9112636067295893,61.50329227785198,128,2.0811894007517093,9,0.49136142160104784,0.27632816817480704,1.4142139283863984,1.4390763439993175,1.4390763439993175,True
23,128,64,64,0.05,trained,30.0,4,True,2.0,0.9999992576712007,0.08873565094161137,0.9112636067295893,61.50329227785198,128,2.0811894007517093,10,0.4990303076254831,0.2863912365107998,1.4142141542595041,1.416961003046217,1.416961003046217,True
23,128,64,64,0.05,trained,30.0,4,True,2.0,0.9999992576712007,0.08873565094161137,0.9112636067295893,61.50329227785198,128,2.0811894007517093,11,0.4937271632600382,0.27940510358229353,1.4142146165355272,1.4321801730266617,1.4321801730266617,True
23,128,64,64,0.05,trained,30.0,4,True,2.0,0.9999992576712007,0.08873565094161137,0.9112636067295893,61.50329227785198,128,2.0811894007517093,12,0.47540774325282265,0.2561995842632636,1.4142141189549657,1.4873685019465097,1.4873685019465097,True
23,128,64,64,0.05,trained,30.0,4,True,2.0,0.9999992576712007,0.08873565094161137,0.9112636067295893,61.50329227785198,128,2.0811894007517093,13,0.4849121499404212,0.2680621980105426,1.4142139382265535,1.4582158713629818,1.4582158713629818,True
23,128,64,64,0.05,trained,30.0,4,True,2.0,0.9999992576712007,0.08873565094161137,0.9112636067295893,61.50329227785198,128,2.0811894007517093,14,0.49497158603239205,0.28103338534358335,1.4142142467617262,1.4285798598267878,1.4285798598267878,True
23,128,64,64,0.05,trained,30.0,4,True,2.0,0.9999992576712007,0.08873565094161137,0.9112636067295893,61.50329227785198,128,2.0811894007517093,15,0.4705671936997671,0.25030084985058243,1.4142138846434535,1.5026687570203963,1.5026687570203963,True
23,128,64,64,0.05,trained,30.0,4,True,2.0,0.9999992576712007,0.08873565094161137,0.9112636067295893,61.50329227785198,128,2.0811894007517093,16,0.4994079708315095,0.28689347858040704,1.4142143257112367,1.4158892945588297,1.4158892945588297,True
23,128,64,64,0.05,trained,30.0,4,True,2.0,0.9999992576712007,0.08873565094161137,0.9112636067295893,61.50329227785198,128,2.0811894007517093,17,0.4929779367682724,0.278428018451742,1.414214250213801,1.4343571679937919,1.4343571679937919,True
23,128,64,64,0.05,trained,30.0,4,True,2.0,0.9999992576712007,0.08873565094161137,0.9112636067295893,61.50329227785198,128,2.0811894007517093,18,0.486961547391008,0.27066967230958333,1.4142140669127214,1.4520787785098972,1.4520787785098972,True
23,128,64,64,0.05,trained,30.0,4,True,2.0,0.9999992576712007,0.08873565094161137,0.9112636067295893,61.50329227785198,128,2.0811894007517093,19,0.49430070413806076,0.28015472231880556,1.414214119992965,1.4305189057129564,1.4305189057129564,True
23,128,64,64,0.05,trained,30.0,4,True,2.0,0.9999992576712007,0.08873565094161137,0.9112636067295893,61.50329227785198,128,2.0811894007517093,20,0.48968894904929255,0.27416749621774833,1.4142140815210185,1.443991176410034,1.443991176410034,True
23,128,64,64,0.05,trained,30.0,4,True,2.0,0.9999992576712007,0.08873565094161137,0.9112636067295893,61.50329227785198,128,2.0811894007517093,21,0.494290766578869,0.28014172171825497,1.41421469289563,1.4305470863229366,1.4305470863229366,True
23,128,64,64,0.05,trained,30.0,4,True,2.0,0.9999992576712007,0.08873565094161137,0.9112636067295893,61.50329227785198,128,2.0811894007517093,22,0.48286300976507707,0.2654727829680081,1.4142141097785075,1.4644039679659235,1.4644039679659235,True
23,128,64,64,0.05,trained,30.0,4,True,2.0,0.9999992576712007,0.08873565094161137,0.9112636067295893,61.50329227785198,128,2.0811894007517093,23,0.4880062877434563,0.27200577273096094,1.4142135520888135,1.4489706466659558,1.4489706466659558,True
23,128,64,64,0.05,trained,30.0,4,True,2.0,0.9999992576712007,0.08873565094161137,0.9112636067295893,61.50329227785198,128,2.0811894007517093,24,0.4920057249631445,0.27716376219877414,1.4142137423179555,1.4371919986644408,1.4371919986644408,True
